0,1,2,3,Category,Epoch
0.2637784,0.24223864,0.2255609,0.26842207,Action,1
0.26462883,0.2422734,0.22677343,0.26632434,Affective,1
0.25777054,0.25544325,0.23209655,0.25468966,Art,1
0.26131153,0.25324735,0.22709154,0.25834957,BlackWhite,1
0.26004374,0.24822654,0.23166354,0.26006615,Cartoon,1
0.25296634,0.25810042,0.22692162,0.26201162,Fractal,1
0.25325868,0.2526614,0.23426417,0.2598157,Indoor,1
0.2560307,0.261685,0.22742407,0.2548602,Inverted,1
0.2602062,0.25154266,0.23389702,0.25435412,Jumbled,1
0.25585836,0.2661742,0.22965986,0.24830763,LineDrawing,1
0.25143108,0.26701012,0.23063204,0.2509268,LowResolution,1
0.25315738,0.26577142,0.22902216,0.25204906,Noisy,1
0.2594257,0.24833557,0.22990286,0.26233587,Object,1
0.2583544,0.25901198,0.22533163,0.25730202,OutdoorManMade,1
0.25993216,0.26251706,0.22578058,0.2517702,OutdoorNatural,1
0.24983591,0.26742843,0.228238,0.25449768,Pattern,1
0.26171482,0.25636825,0.22477962,0.25713733,Random,1
0.25158727,0.2542995,0.23921926,0.25489396,Satellite,1
0.25587595,0.25544283,0.2288551,0.25982615,Sketch,1
0.26861852,0.23346789,0.22992216,0.26799142,Social,1
0.34955287,0.18411303,0.091147065,0.37518713,Action,10
0.3286858,0.21803993,0.09609646,0.35717785,Affective,10
0.2618954,0.38428584,0.10745679,0.24636199,Art,10
0.24373432,0.3498746,0.10311807,0.30327302,BlackWhite,10
0.29797417,0.2629285,0.09984811,0.33924925,Cartoon,10
0.21601,0.39777896,0.10078229,0.2854288,Fractal,10
0.2760006,0.31494457,0.10933892,0.29971594,Indoor,10
0.21053325,0.45738882,0.111910135,0.22016777,Inverted,10
0.28606406,0.3506867,0.11884232,0.24440695,Jumbled,10
0.24786729,0.39509386,0.10828671,0.24875216,LineDrawing,10
0.16383208,0.5609374,0.10640917,0.16882129,LowResolution,10
0.19854854,0.48397177,0.10771468,0.20976502,Noisy,10
0.3182504,0.31542784,0.10310268,0.26321906,Object,10
0.23121156,0.36129516,0.104840785,0.30265248,OutdoorManMade,10
0.24971034,0.36831146,0.11340139,0.26857677,OutdoorNatural,10
0.17339738,0.45084706,0.10391414,0.27184147,Pattern,10
0.29724118,0.36758325,0.10282127,0.23235428,Random,10
0.20053606,0.38934183,0.1330461,0.27707604,Satellite,10
0.27441993,0.33057678,0.08739414,0.3076092,Sketch,10
0.3759574,0.13321614,0.09715003,0.39367643,Social,10
0.35739094,0.17133832,0.08285223,0.38841844,Action,11
0.33690387,0.21066132,0.08757242,0.36486244,Affective,11
0.25907177,0.40177763,0.09833552,0.24081513,Art,11
0.24201979,0.36132488,0.095033064,0.30162224,BlackWhite,11
0.30056477,0.26113614,0.09211223,0.34618688,Cartoon,11
0.21138084,0.41486394,0.09247469,0.2812805,Fractal,11
0.27973148,0.319605,0.10108042,0.2995831,Indoor,11
0.20031244,0.4842398,0.103458315,0.21198939,Inverted,11
0.2870693,0.36188692,0.10999514,0.24104863,Jumbled,11
0.24729759,0.4086427,0.09977248,0.24428716,LineDrawing,11
0.1524919,0.59525824,0.0969775,0.15527241,LowResolution,11
0.18890461,0.5129327,0.0988561,0.19930664,Noisy,11
0.3286578,0.31807995,0.09508753,0.25817475,Object,11
0.22611378,0.3690228,0.09663959,0.30822387,OutdoorManMade,11
0.2466527,0.3807639,0.1048808,0.26770255,OutdoorNatural,11
0.16100967,0.48015964,0.095132105,0.2636986,Pattern,11
0.2990027,0.38311878,0.094450764,0.2234277,Random,11
0.19027317,0.40827656,0.12418487,0.27726537,Satellite,11
0.27488068,0.3345331,0.07939479,0.3111914,Sketch,11
0.38900527,0.12113117,0.08794406,0.40191954,Social,11
0.368534,0.15827772,0.07541068,0.39777762,Action,12
0.34600443,0.2003792,0.079756394,0.37385994,Affective,12
0.25854793,0.41432047,0.090989396,0.23614223,Art,12
0.2426948,0.36596638,0.08741968,0.30391917,BlackWhite,12
0.30233192,0.25595087,0.08457679,0.35714045,Cartoon,12
0.20229039,0.43372703,0.0849404,0.27904218,Fractal,12
0.2837834,0.32285047,0.09328403,0.3000821,Indoor,12
0.19011025,0.51131505,0.09510494,0.20346974,Inverted,12
0.2872549,0.37486228,0.10138006,0.23650269,Jumbled,12
0.24432476,0.4230508,0.09253537,0.24008906,LineDrawing,12
0.13804066,0.6330182,0.08810809,0.14083306,LowResolution,12
0.17890409,0.5414525,0.090934426,0.18870893,Noisy,12
0.34088835,0.32008874,0.086986825,0.25203612,Object,12
0.21718036,0.3808731,0.089058496,0.312888,OutdoorManMade,12
0.24333069,0.3967285,0.096995555,0.2629453,OutdoorNatural,12
0.15099157,0.50659615,0.08698696,0.2554253,Pattern,12
0.2996978,0.39999425,0.0867433,0.21356463,Random,12
0.18051311,0.4323962,0.11531818,0.27177256,Satellite,12
0.27542904,0.33899087,0.07277569,0.3128044,Sketch,12
0.4042571,0.108471654,0.07925457,0.4080167,Social,12
0.37549672,0.14674093,0.06884441,0.40891784,Action,13
0.35033542,0.18906765,0.07278397,0.38781297,Affective,13
0.25554317,0.43538553,0.08401148,0.22505973,Art,13
0.2417498,0.37470582,0.08115073,0.30239365,BlackWhite,13
0.3032258,0.25022295,0.07719846,0.36935282,Cartoon,13
0.19680645,0.45145795,0.078158826,0.27357677,Fractal,13
0.28763306,0.32687697,0.08638965,0.29910028,Indoor,13
0.17844175,0.54146063,0.08727675,0.19282092,Inverted,13
0.28922272,0.3845854,0.09380719,0.23238462,Jumbled,13
0.23908648,0.44214278,0.08570689,0.23306383,LineDrawing,13
0.12577295,0.6661505,0.07990418,0.12817235,LowResolution,13
0.16922864,0.57129854,0.08325191,0.1762209,Noisy,13
0.353595,0.32333276,0.080375776,0.24269643,Object,13
0.21058053,0.39793983,0.082332276,0.3091473,OutdoorManMade,13
0.23729561,0.4116989,0.089706555,0.26129895,OutdoorNatural,13
0.140686,0.5295069,0.079819724,0.24998735,Pattern,13
0.30360964,0.4128848,0.07961394,0.20389162,Random,13
0.1687678,0.4580239,0.10583344,0.2673749,Satellite,13
0.27705234,0.3411869,0.0667665,0.31499428,Sketch,13
0.41345096,0.098509856,0.07173726,0.4163019,Social,13
0.38158435,0.13650016,0.06268919,0.41922632,Action,14
0.35574344,0.17783436,0.06677407,0.39964807,Affective,14
0.2507045,0.4537737,0.077385455,0.2181363,Art,14
0.23700115,0.38537306,0.07534694,0.3022789,BlackWhite,14
0.30646324,0.24324329,0.07118973,0.37910372,Cartoon,14
0.1871779,0.4761401,0.07248474,0.2641973,Fractal,14
0.29117456,0.33005366,0.08001519,0.29875663,Indoor,14
0.16530123,0.5739953,0.08003687,0.1806666,Inverted,14
0.28826576,0.39843813,0.08680994,0.22648612,Jumbled,14
0.23130322,0.45922682,0.07916719,0.23030275,LineDrawing,14
0.11365305,0.6983254,0.07243577,0.11558576,LowResolution,14
0.15561351,0.60868055,0.07557949,0.16012636,Noisy,14
0.36997914,0.31989875,0.074215874,0.23590615,Object,14
0.20625572,0.40617192,0.07583539,0.31173694,OutdoorManMade,14
0.23170033,0.43041414,0.083341986,0.2545435,OutdoorNatural,14
0.13069479,0.55277133,0.07318356,0.24335025,Pattern,14
0.31126267,0.42088008,0.07332924,0.19452803,Random,14
0.15816116,0.48331526,0.09721694,0.26130664,Satellite,14
0.2747279,0.34434626,0.061343413,0.31958246,Sketch,14
0.42628208,0.08879164,0.06498349,0.4199428,Social,14
0.3889312,0.124499194,0.057409175,0.42916045,Action,15
0.3620427,0.16420817,0.06096714,0.41278195,Affective,15
0.24930169,0.46876287,0.07179059,0.21014489,Art,15
0.23514412,0.39802033,0.06938668,0.2974489,BlackWhite,15
0.31145668,0.23336922,0.06536452,0.38980964,Cartoon,15
0.17678611,0.5001322,0.06703139,0.25605032,Fractal,15
0.2930852,0.33373246,0.074101135,0.29908127,Indoor,15
0.15242036,0.6058001,0.073327824,0.16845173,Inverted,15
0.2871586,0.41334227,0.08124379,0.21825534,Jumbled,15
0.22074966,0.4874886,0.073217526,0.21854414,LineDrawing,15
0.10160745,0.72975874,0.06509304,0.10354081,LowResolution,15
0.1456529,0.6373047,0.06932086,0.14772154,Noisy,15
0.38816166,0.31519964,0.068555795,0.22808284,Object,15
0.19983278,0.41828665,0.07046518,0.31141534,OutdoorManMade,15
0.22844195,0.44424847,0.07733283,0.24997672,OutdoorNatural,15
0.12043674,0.57917744,0.066798255,0.2335875,Pattern,15
0.3145366,0.43634364,0.06744642,0.18167335,Random,15
0.14670265,0.5080424,0.089406855,0.25584817,Satellite,15
0.2743315,0.35082138,0.056471698,0.31837538,Sketch,15
0.4341881,0.07948247,0.05839914,0.4279302,Social,15
0.39338976,0.1136464,0.05246463,0.44049913,Action,16
0.37389722,0.15168503,0.055585004,0.41883272,Affective,16
0.24235877,0.48974848,0.06625323,0.20163958,Art,16
0.23529893,0.40503976,0.06451631,0.29514503,BlackWhite,16
0.31167287,0.22463779,0.060472235,0.40321708,Cartoon,16
0.16838615,0.52361864,0.061766963,0.24622828,Fractal,16
0.30043232,0.33376524,0.068390615,0.29741183,Indoor,16
0.1389132,0.63828194,0.066727534,0.1560773,Inverted,16
0.2874212,0.42671564,0.07514165,0.21072155,Jumbled,16
0.21280925,0.5120472,0.067812145,0.20733143,LineDrawing,16
0.09226381,0.7538836,0.05952593,0.09432667,LowResolution,16
0.13355789,0.66601956,0.06322934,0.13719323,Noisy,16
0.4096625,0.31376138,0.06311277,0.21346335,Object,16
0.19131254,0.43033263,0.06542705,0.31292784,OutdoorManMade,16
0.22449103,0.45868143,0.07244587,0.24438159,OutdoorNatural,16
0.111817226,0.60585266,0.06146651,0.22086358,Pattern,16
0.3219015,0.44538182,0.06194483,0.17077187,Random,16
0.1343564,0.53523505,0.08196552,0.24844305,Satellite,16
0.27405548,0.35094774,0.052245032,0.32275176,Sketch,16
0.4449807,0.071189836,0.052652586,0.43117687,Social,16
0.39748693,0.10276517,0.04763583,0.45211214,Action,17
0.38180193,0.1403428,0.05076725,0.42708808,Affective,17
0.2356213,0.51390713,0.061327647,0.18914388,Art,17
0.23117764,0.41930968,0.0598102,0.2897025,BlackWhite,17
0.31492838,0.21449438,0.05557397,0.4150033,Cartoon,17
0.15698087,0.54873574,0.057243537,0.23703979,Fractal,17
0.30648136,0.33660772,0.06393123,0.29297963,Indoor,17
0.12735122,0.6697303,0.061026044,0.1418924,Inverted,17
0.28735235,0.4418164,0.06951619,0.20131505,Jumbled,17
0.20579174,0.53048927,0.063275486,0.20044349,LineDrawing,17
0.08224115,0.78028476,0.05349773,0.08397638,LowResolution,17
0.12248764,0.695645,0.05741006,0.12445732,Noisy,17
0.43621072,0.3015715,0.058345456,0.20387226,Object,17
0.18292971,0.4374241,0.06042232,0.31922382,OutdoorManMade,17
0.21706127,0.47808564,0.06738408,0.237469,OutdoorNatural,17
0.102804236,0.63155234,0.056534972,0.20910841,Pattern,17
0.32013696,0.46218526,0.057398368,0.16027936,Random,17
0.123038195,0.5638704,0.075419165,0.23767224,Satellite,17
0.2745474,0.35403585,0.048400085,0.32301664,Sketch,17
0.45725787,0.064124875,0.047767,0.4308502,Social,17
0.40058267,0.09344796,0.043468244,0.46250108,Action,18
0.38606083,0.1270555,0.04629432,0.44058934,Affective,18
0.228021,0.53571945,0.056557555,0.17970192,Art,18
0.2241514,0.43420666,0.05573152,0.2859104,BlackWhite,18
0.3178996,0.20376691,0.051228475,0.42710504,Cartoon,18
0.14637865,0.5720001,0.052993916,0.22862735,Fractal,18
0.30640465,0.34462556,0.05924584,0.28972393,Indoor,18
0.11546577,0.6998369,0.05512534,0.12957197,Inverted,18
0.28984675,0.4505704,0.064976856,0.19460592,Jumbled,18
0.1964565,0.5536553,0.058260728,0.19162746,LineDrawing,18
0.07362951,0.80297863,0.04820624,0.07518562,LowResolution,18
0.11185085,0.7222018,0.052405432,0.1135419,Noisy,18
0.45443,0.2964802,0.05420355,0.19488624,Object,18
0.17676689,0.44450083,0.056214284,0.322518,OutdoorManMade,18
0.21038379,0.49939528,0.062326126,0.22789486,OutdoorNatural,18
0.09463845,0.6563489,0.051923387,0.19708933,Pattern,18
0.32539594,0.4713683,0.052805435,0.15043026,Random,18
0.11310406,0.59014827,0.06935089,0.22739679,Satellite,18
0.2755111,0.3517716,0.04512462,0.32759267,Sketch,18
0.47159144,0.057642154,0.04319122,0.4275752,Social,18
0.40570992,0.08486431,0.039748203,0.46967754,Action,19
0.39325994,0.11638688,0.042301264,0.4480519,Affective,19
0.22324312,0.55473024,0.05236538,0.16966128,Art,19
0.22084911,0.44560057,0.051602527,0.28194776,BlackWhite,19
0.32082534,0.19588038,0.047466215,0.43582812,Cartoon,19
0.1370403,0.5976659,0.04892475,0.21636899,Fractal,19
0.31043705,0.34458897,0.055318646,0.28965536,Indoor,19
0.10392666,0.72881794,0.050097622,0.11715782,Inverted,19
0.29030603,0.4615192,0.060589906,0.1875848,Jumbled,19
0.18195511,0.58109355,0.053811193,0.18314007,LineDrawing,19
0.06620795,0.8226605,0.043670982,0.0674606,LowResolution,19
0.10101902,0.7474505,0.047748245,0.1037823,Noisy,19
0.48452687,0.28474808,0.049884535,0.1808405,Object,19
0.16700546,0.4570396,0.052255463,0.32369953,OutdoorManMade,19
0.20362093,0.51863706,0.058056753,0.2196853,OutdoorNatural,19
0.087281056,0.6802386,0.047774006,0.18470633,Pattern,19
0.3291737,0.48150927,0.048747897,0.14056915,Random,19
0.10351575,0.61951256,0.063519895,0.21345174,Satellite,19
0.2772222,0.3484354,0.04176017,0.33258227,Sketch,19
0.4866333,0.05219621,0.039286416,0.4218841,Social,19
0.27499405,0.24091296,0.20410809,0.2799849,Action,2
0.27540922,0.24405843,0.20638892,0.2741434,Affective,2
0.26247826,0.26606318,0.21300675,0.25845182,Art,2
0.26464003,0.26537076,0.20637812,0.26361108,BlackWhite,2
0.26736525,0.2512066,0.21016724,0.27126083,Cartoon,2
0.25171602,0.27364758,0.20580566,0.2688308,Fractal,2
0.2568702,0.25787345,0.21630184,0.26895455,Indoor,2
0.25596136,0.27904212,0.21085295,0.25414357,Inverted,2
0.2630739,0.26121688,0.21864037,0.2570688,Jumbled,2
0.25904444,0.28042322,0.21135283,0.2491795,LineDrawing,2
0.24778683,0.29355133,0.21208091,0.24658088,LowResolution,2
0.25241768,0.28596446,0.21305083,0.24856706,Noisy,2
0.2643908,0.25809556,0.21003827,0.26747534,Object,2
0.2576116,0.2700459,0.20677245,0.26557004,OutdoorManMade,2
0.26318327,0.2727081,0.20909454,0.2550141,OutdoorNatural,2
0.24227914,0.29053196,0.20717508,0.2600138,Pattern,2
0.2665979,0.2662145,0.2069706,0.260217,Random,2
0.24843867,0.26490682,0.23036978,0.25628474,Satellite,2
0.26063547,0.27256426,0.20252492,0.26427534,Sketch,2
0.2819181,0.22346576,0.21119753,0.2834186,Social,2
0.41454026,0.07716093,0.036316663,0.47198212,Action,20
0.39797488,0.10499925,0.03871168,0.45831415,Affective,20
0.21153048,0.5804201,0.048453193,0.15959628,Art,20
0.21343426,0.4600163,0.04798021,0.27856922,BlackWhite,20
0.32350692,0.18424167,0.04370824,0.4485432,Cartoon,20
0.12808502,0.62606627,0.045114543,0.20073418,Fractal,20
0.31472352,0.34327775,0.05158238,0.2904163,Indoor,20
0.09474668,0.7524202,0.045662407,0.107170716,Inverted,20
0.2906116,0.47442618,0.056316562,0.17864564,Jumbled,20
0.16804828,0.60881656,0.049616694,0.17351843,LineDrawing,20
0.059621613,0.84006494,0.039631907,0.060681526,LowResolution,20
0.09064147,0.7731676,0.043174542,0.09301633,Noisy,20
0.5140418,0.27191925,0.045969225,0.16806978,Object,20
0.1591223,0.46366045,0.048654433,0.3285629,OutdoorManMade,20
0.19542253,0.54001635,0.054062236,0.21049878,OutdoorNatural,20
0.079590365,0.705295,0.04364699,0.17146759,Pattern,20
0.3263809,0.4984039,0.04492173,0.1302935,Random,20
0.094460145,0.64463335,0.058376104,0.20253041,Satellite,20
0.2757936,0.3487108,0.038866013,0.3366296,Sketch,20
0.50127214,0.047288693,0.035792716,0.41564646,Social,20
0.40864938,0.070320666,0.033307973,0.48772195,Action,21
0.40457436,0.0953025,0.035485007,0.4646381,Affective,21
0.1998878,0.60705537,0.04475394,0.14830291,Art,21
0.20735434,0.47390953,0.044666994,0.2740691,BlackWhite,21
0.32559225,0.17241345,0.04032676,0.46166754,Cartoon,21
0.11829714,0.6501957,0.04170148,0.18980566,Fractal,21
0.32290155,0.34258962,0.04807059,0.28643826,Indoor,21
0.08471818,0.7784449,0.04125459,0.09558234,Inverted,21
0.2911494,0.4870185,0.052325733,0.1695064,Jumbled,21
0.15878278,0.63237077,0.045959026,0.16288745,LineDrawing,21
0.053556673,0.8562476,0.035849046,0.054346684,LowResolution,21
0.081853606,0.7953129,0.039121397,0.08371204,Noisy,21
0.5451419,0.2576726,0.04271971,0.15446582,Object,21
0.15075092,0.47839138,0.04502874,0.32582903,OutdoorManMade,21
0.18837212,0.5627857,0.050062288,0.19877987,OutdoorNatural,21
0.072791,0.7284432,0.040049296,0.15871643,Pattern,21
0.32835346,0.50981784,0.041391913,0.120436795,Random,21
0.085722364,0.6749293,0.053246114,0.1861022,Satellite,21
0.27241737,0.34988922,0.03617584,0.34151757,Sketch,21
0.5220357,0.042460293,0.032487806,0.40301618,Social,21
0.4138788,0.06406577,0.030628042,0.49142742,Action,22
0.40565276,0.0864137,0.032571536,0.47536203,Affective,22
0.19260128,0.62496006,0.041746654,0.14069203,Art,22
0.20223798,0.4894693,0.041554388,0.26673833,BlackWhite,22
0.3239585,0.15854082,0.0371337,0.48036706,Cartoon,22
0.11005076,0.676984,0.038345564,0.17461969,Fractal,22
0.33008435,0.3425955,0.04488397,0.28243622,Indoor,22
0.07641302,0.7994864,0.03760023,0.08650043,Inverted,22
0.29099455,0.498848,0.048609216,0.16154817,Jumbled,22
0.14897004,0.6580294,0.04237522,0.15062532,LineDrawing,22
0.048288558,0.86998457,0.03266531,0.049061585,LowResolution,22
0.074928164,0.8125681,0.0358094,0.07669429,Noisy,22
0.5820907,0.23716329,0.0392811,0.14146492,Object,22
0.13991353,0.49292782,0.04178907,0.32536957,OutdoorManMade,22
0.17965208,0.58661616,0.046391726,0.18734004,OutdoorNatural,22
0.066048056,0.7515358,0.03650284,0.14591339,Pattern,22
0.32477805,0.52503186,0.03817115,0.11201894,Random,22
0.07803275,0.700101,0.048848458,0.17301784,Satellite,22
0.27081656,0.34960008,0.033692177,0.34589118,Sketch,22
0.5338348,0.038718104,0.02980264,0.39764443,Social,22
0.42150477,0.058162324,0.028081132,0.4922518,Action,23
0.40645352,0.07809619,0.02984203,0.48560828,Affective,23
0.18226501,0.64893,0.03851106,0.13029386,Art,23
0.19569583,0.5048163,0.038658887,0.26082903,BlackWhite,23
0.31748983,0.14693698,0.034119125,0.50145406,Cartoon,23
0.09990676,0.7023959,0.03507379,0.16262354,Fractal,23
0.33801538,0.34205067,0.04196171,0.27797216,Indoor,23
0.069016576,0.8179732,0.03431594,0.07869429,Inverted,23
0.28981417,0.5126686,0.04518635,0.15233088,Jumbled,23
0.13720974,0.6853343,0.039026108,0.13842978,LineDrawing,23
0.043282703,0.8835016,0.029559055,0.043656662,LowResolution,23
0.067769475,0.83058894,0.03253145,0.06911011,Noisy,23
0.61656743,0.21823646,0.036084514,0.12911165,Object,23
0.13127793,0.50689846,0.03883778,0.32298583,OutdoorManMade,23
0.17045248,0.6091263,0.042922508,0.17749874,OutdoorNatural,23
0.060127974,0.7730209,0.033397987,0.13345307,Pattern,23
0.32476136,0.53643674,0.035267286,0.10353455,Random,23
0.070378914,0.7267457,0.044408437,0.15846694,Satellite,23
0.27229607,0.346796,0.031561926,0.34934604,Sketch,23
0.5543889,0.035111472,0.02725674,0.3832429,Social,23
0.42238197,0.052763324,0.025759567,0.49909517,Action,24
0.40621975,0.07102736,0.027415633,0.49533728,Affective,24
0.17145057,0.6723087,0.03545836,0.12078243,Art,24
0.18867174,0.5215663,0.03603317,0.2537288,BlackWhite,24
0.313047,0.1355468,0.03152533,0.51988083,Cartoon,24
0.09184561,0.7249283,0.03230814,0.15091795,Fractal,24
0.34938267,0.33659598,0.039295882,0.27472544,Indoor,24
0.06106188,0.8383898,0.030751608,0.06979665,Inverted,24
0.285514,0.52731144,0.04223315,0.14494136,Jumbled,24
0.12679723,0.71056277,0.035872173,0.1267678,LineDrawing,24
0.039034914,0.89482266,0.026839277,0.039303243,LowResolution,24
0.06087783,0.8474847,0.02947801,0.062159397,Noisy,24
0.6531658,0.19849825,0.03290366,0.11543225,Object,24
0.123124,0.51888067,0.03601019,0.32198513,OutdoorManMade,24
0.15989721,0.63454324,0.03964396,0.16591567,OutdoorNatural,24
0.054169837,0.7935681,0.030399255,0.121862814,Pattern,24
0.31864,0.5532062,0.03276983,0.09538395,Random,24
0.06324237,0.753502,0.040302083,0.14295354,Satellite,24
0.27016535,0.34314358,0.02949871,0.35719234,Sketch,24
0.57584834,0.031889863,0.025015296,0.36724648,Social,24
0.42584944,0.048029326,0.023709036,0.50241214,Action,25
0.40422556,0.06440418,0.02517633,0.5061939,Affective,25
0.15796928,0.6986633,0.032584976,0.11078244,Art,25
0.18311235,0.53548414,0.03368193,0.24772158,BlackWhite,25
0.30638766,0.12317419,0.028993087,0.541445,Cartoon,25
0.08391644,0.7476268,0.029635774,0.13882093,Fractal,25
0.35932907,0.33108523,0.036834523,0.27275118,Indoor,25
0.055099145,0.85411894,0.028037053,0.062744856,Inverted,25
0.28230628,0.5424143,0.039290752,0.13598858,Jumbled,25
0.117590755,0.73264754,0.03306546,0.11669626,LineDrawing,25
0.03495393,0.90550107,0.024310783,0.03523428,LowResolution,25
0.054773327,0.8625153,0.026805831,0.055905566,Noisy,25
0.68501025,0.18028998,0.030105345,0.10459445,Object,25
0.114447564,0.5324074,0.03346968,0.31967536,OutdoorManMade,25
0.14968303,0.6582437,0.036712125,0.15536109,OutdoorNatural,25
0.049672395,0.81176263,0.027918762,0.110646255,Pattern,25
0.31560484,0.5654411,0.030378586,0.08857544,Random,25
0.057414684,0.7735981,0.036917984,0.13206926,Satellite,25
0.26780498,0.33893865,0.027549043,0.3657073,Sketch,25
0.5924532,0.02902374,0.022947194,0.35557586,Social,25
0.41713572,0.04382921,0.021824043,0.517211,Action,26
0.40011084,0.058260005,0.023234196,0.51839495,Affective,26
0.14729236,0.7207139,0.030063199,0.101930566,Art,26
0.17599003,0.55046576,0.031504374,0.24203983,BlackWhite,26
0.297104,0.1123712,0.02666152,0.56386334,Cartoon,26
0.07657177,0.768676,0.027173422,0.12757875,Fractal,26
0.37304905,0.32049266,0.034355305,0.27210298,Indoor,26
0.04914079,0.86959875,0.025278412,0.055981986,Inverted,26
0.27567607,0.56149155,0.03645585,0.12637651,Jumbled,26
0.10778248,0.7541144,0.030388476,0.107714646,LineDrawing,26
0.031615138,0.9141516,0.022199832,0.032033417,LowResolution,26
0.049380906,0.8756482,0.024370091,0.050600775,Noisy,26
0.71535385,0.16242962,0.027539417,0.09467718,Object,26
0.10807221,0.538807,0.03122521,0.3218956,OutdoorManMade,26
0.14226268,0.67791593,0.03410089,0.14572048,OutdoorNatural,26
0.045268342,0.82802206,0.025538573,0.10117097,Pattern,26
0.31688777,0.57446074,0.02799598,0.08065545,Random,26
0.05119078,0.79771006,0.033366762,0.117732465,Satellite,26
0.26834255,0.32796574,0.025736434,0.37795526,Sketch,26
0.6172783,0.026602803,0.02116402,0.33495486,Social,26
0.4127535,0.04008761,0.020136463,0.52702236,Action,27
0.39657077,0.052725606,0.021313867,0.52938974,Affective,27
0.1372917,0.74202955,0.027512025,0.093166694,Art,27
0.16883405,0.56420994,0.029360568,0.2375955,BlackWhite,27
0.2858343,0.10143086,0.024373509,0.58836126,Cartoon,27
0.069673814,0.78848946,0.024884405,0.116952345,Fractal,27
0.3843586,0.3154281,0.03224653,0.26796684,Indoor,27
0.04437109,0.8819523,0.023031998,0.050644673,Inverted,27
0.2729935,0.5740136,0.03403415,0.11895879,Jumbled,27
0.0999147,0.7735039,0.027921952,0.098659456,LineDrawing,27
0.02854656,0.92236805,0.020193418,0.028891936,LowResolution,27
0.04454219,0.8875626,0.02220988,0.045685332,Noisy,27
0.74526703,0.14530818,0.025016453,0.08440833,Object,27
0.100740105,0.55057704,0.029039431,0.31964344,OutdoorManMade,27
0.13141239,0.7020889,0.031389985,0.13510872,OutdoorNatural,27
0.04127336,0.84268504,0.023442099,0.092599444,Pattern,27
0.3158942,0.58399713,0.026038917,0.07406974,Random,27
0.046304934,0.81600904,0.03045436,0.10723168,Satellite,27
0.2666121,0.32213008,0.0240913,0.38716656,Sketch,27
0.6447474,0.02425093,0.019412922,0.31158873,Social,27
0.41041848,0.03700845,0.018679757,0.5338933,Action,28
0.39092624,0.047657903,0.019578565,0.5418373,Affective,28
0.12698899,0.7628025,0.025261117,0.08494747,Art,28
0.16039649,0.58298564,0.027304642,0.22931331,BlackWhite,28
0.27096528,0.09168466,0.022339404,0.6150107,Cartoon,28
0.06312503,0.8072269,0.022785095,0.10686304,Fractal,28
0.39697552,0.30529436,0.030181408,0.2675487,Indoor,28
0.040167034,0.89266247,0.021119166,0.046051335,Inverted,28
0.2674456,0.59029084,0.031545002,0.11071853,Jumbled,28
0.09238121,0.7919271,0.025674162,0.09001762,LineDrawing,28
0.025871996,0.9294331,0.018473146,0.026221728,LowResolution,28
0.040249154,0.8982105,0.020224072,0.041316293,Noisy,28
0.7713695,0.13051438,0.02275813,0.07535794,Object,28
0.093289815,0.5592859,0.026902629,0.32052168,OutdoorManMade,28
0.12186488,0.7241826,0.02893582,0.12501672,OutdoorNatural,28
0.037410267,0.85790616,0.021400912,0.08328261,Pattern,28
0.3140704,0.5931667,0.0241483,0.06861464,Random,28
0.04170566,0.834299,0.027579185,0.09641612,Satellite,28
0.26687753,0.31498814,0.022559796,0.39557454,Sketch,28
0.6674656,0.022115301,0.017854616,0.29256448,Social,28
0.40500963,0.033728074,0.01719297,0.5440693,Action,29
0.3867638,0.04347344,0.018110756,0.551652,Affective,29
0.1166854,0.7826636,0.023203354,0.07744763,Art,29
0.15223385,0.60493845,0.025361147,0.21746658,BlackWhite,29
0.25400043,0.08206386,0.020388357,0.6435474,Cartoon,29
0.057225868,0.8244848,0.020882048,0.097407274,Fractal,29
0.4132413,0.2949292,0.028274981,0.26355454,Indoor,29
0.035883524,0.904006,0.019082204,0.041028343,Inverted,29
0.26340762,0.6048911,0.02934611,0.10235519,Jumbled,29
0.083953924,0.8108565,0.023491299,0.08169827,LineDrawing,29
0.023724956,0.93523175,0.017021712,0.024021557,LowResolution,29
0.03625403,0.90774024,0.018480377,0.037525352,Noisy,29
0.79521734,0.116469674,0.020719286,0.06759365,Object,29
0.085888,0.56891763,0.024929183,0.3202652,OutdoorManMade,29
0.110567026,0.7488541,0.026447402,0.114131555,OutdoorNatural,29
0.034427196,0.8685553,0.01981992,0.07719759,Pattern,29
0.30888793,0.60609466,0.022382867,0.06263458,Random,29
0.037506096,0.8494246,0.025148677,0.0879206,Satellite,29
0.2666038,0.30498824,0.021165984,0.40724197,Sketch,29
0.6932007,0.02016774,0.016393114,0.2702385,Social,29
0.2856835,0.24010824,0.18306628,0.29114193,Action,3
0.28456444,0.2445387,0.18797849,0.28291836,Affective,3
0.26177865,0.28367877,0.19485864,0.25968388,Art,3
0.26283163,0.27582425,0.18933855,0.27200562,BlackWhite,3
0.27260876,0.25668967,0.19200706,0.27869448,Cartoon,3
0.25013888,0.2876783,0.1890122,0.27317062,Fractal,3
0.2604694,0.26560318,0.19950338,0.27442408,Indoor,3
0.25751325,0.29387277,0.19593555,0.25267842,Inverted,3
0.26622352,0.2709591,0.20468932,0.25812805,Jumbled,3
0.25720692,0.29572728,0.19420888,0.2528569,LineDrawing,3
0.24095364,0.32032755,0.1952217,0.24349709,LowResolution,3
0.2480475,0.30619898,0.19711614,0.24863735,Noisy,3
0.26983595,0.26971048,0.19102742,0.2694262,Object,3
0.25778842,0.28252643,0.18817882,0.27150628,OutdoorManMade,3
0.26400888,0.28232637,0.19462109,0.25904366,OutdoorNatural,3
0.23852885,0.30642515,0.19040014,0.26464587,Pattern,3
0.27193573,0.2752287,0.19029205,0.26254356,Random,3
0.24468356,0.27748773,0.21656367,0.26126507,Satellite,3
0.26462594,0.28504285,0.17997077,0.27036047,Sketch,3
0.29351494,0.2156804,0.19308983,0.29771483,Social,3
0.39773172,0.030882569,0.015942788,0.5554429,Action,30
0.379606,0.03947847,0.016689498,0.564226,Affective,30
0.10706402,0.80046004,0.021344846,0.07113113,Art,30
0.1423849,0.6260501,0.023519434,0.20804553,BlackWhite,30
0.23955429,0.0741,0.018702364,0.6676433,Cartoon,30
0.051795166,0.8411041,0.019073326,0.08802741,Fractal,30
0.42833138,0.28336373,0.02652413,0.2617808,Indoor,30
0.03228049,0.9133487,0.01740373,0.03696714,Inverted,30
0.2602223,0.6181174,0.027287994,0.09437234,Jumbled,30
0.07674955,0.8272779,0.021528054,0.07444447,LineDrawing,30
0.021524677,0.9409939,0.015599035,0.021882383,LowResolution,30
0.032713864,0.91648436,0.016849993,0.033951804,Noisy,30
0.81680924,0.10402192,0.018849684,0.060319133,Object,30
0.08037056,0.57684445,0.023363708,0.31942135,OutdoorManMade,30
0.10238381,0.76818186,0.02440047,0.1050338,OutdoorNatural,30
0.031386692,0.88017756,0.01810709,0.070328616,Pattern,30
0.30243978,0.61955506,0.020796835,0.05720834,Random,30
0.033794068,0.8642083,0.022777367,0.079220206,Satellite,30
0.26940927,0.29397723,0.019907307,0.41670617,Sketch,30
0.7179569,0.018419756,0.015070925,0.24855238,Social,30
0.3889976,0.028403483,0.014775858,0.567823,Action,31
0.36854625,0.036117215,0.015447561,0.57988894,Affective,31
0.09760974,0.8186717,0.019526731,0.06419177,Art,31
0.13415225,0.6447017,0.021951454,0.19919454,BlackWhite,31
0.21933717,0.06687438,0.017121984,0.6966664,Cartoon,31
0.04685814,0.8559361,0.017442545,0.07976321,Fractal,31
0.44471884,0.27134195,0.024817936,0.25912124,Indoor,31
0.02942025,0.9209101,0.015999332,0.03367033,Inverted,31
0.25314465,0.63329905,0.025397623,0.088158645,Jumbled,31
0.07034519,0.8418192,0.019772071,0.06806353,LineDrawing,31
0.01964131,0.94599193,0.014336723,0.020030096,LowResolution,31
0.0294073,0.9246618,0.015334356,0.030596552,Noisy,31
0.8359667,0.093005575,0.017167168,0.05386053,Object,31
0.07410353,0.5887472,0.021666834,0.3154825,OutdoorManMade,31
0.09268324,0.78970385,0.022307288,0.0953056,OutdoorNatural,31
0.028486287,0.8906702,0.016638739,0.064204805,Pattern,31
0.29711634,0.6307799,0.019354848,0.052748866,Random,31
0.03072865,0.8759231,0.020873135,0.07247505,Satellite,31
0.26817372,0.28497335,0.018679416,0.42817348,Sketch,31
0.74489236,0.01669331,0.013736523,0.22467783,Social,31
0.37962928,0.025960332,0.013631836,0.5807786,Action,32
0.356803,0.033020444,0.014264179,0.5959124,Affective,32
0.08854649,0.835637,0.017868549,0.05794792,Art,32
0.12428611,0.6680117,0.02026643,0.18743578,BlackWhite,32
0.2000866,0.06016114,0.015616178,0.7241361,Cartoon,32
0.042456523,0.8689604,0.015994953,0.072588116,Fractal,32
0.46602994,0.26422095,0.023274213,0.2464748,Indoor,32
0.026498174,0.9287441,0.014546661,0.030211061,Inverted,32
0.24923599,0.64565945,0.023625264,0.08147936,Jumbled,32
0.06420117,0.855534,0.018141419,0.062123384,LineDrawing,32
0.017890679,0.95063835,0.013182324,0.018288646,LowResolution,32
0.026830057,0.9311412,0.014094314,0.027934441,Noisy,32
0.8531197,0.082981214,0.01561274,0.048286356,Object,32
0.068003,0.60488456,0.020100864,0.30701163,OutdoorManMade,32
0.08443448,0.80646247,0.020484306,0.08861881,OutdoorNatural,32
0.026039863,0.8996875,0.01534575,0.058926888,Pattern,32
0.29395515,0.640011,0.017938642,0.04809522,Random,32
0.02759931,0.88871884,0.018884273,0.064797655,Satellite,32
0.2677474,0.27065268,0.017558776,0.4440411,Sketch,32
0.7692061,0.015188211,0.012570933,0.20303471,Social,32
0.3649769,0.024079727,0.012702998,0.5982404,Action,33
0.34271634,0.03013695,0.013157674,0.61398906,Affective,33
0.079984546,0.8518345,0.016268026,0.051912904,Art,33
0.1156275,0.68883735,0.018790115,0.17674506,BlackWhite,33
0.17966193,0.053532418,0.014163687,0.752642,Cartoon,33
0.038057934,0.8818812,0.014607907,0.065452956,Fractal,33
0.48534366,0.25334468,0.021709213,0.23960236,Indoor,33
0.023950083,0.9353785,0.013298447,0.027372988,Inverted,33
0.23929818,0.6642129,0.021872083,0.07461685,Jumbled,33
0.058964793,0.86767393,0.016697073,0.056664307,LineDrawing,33
0.016337544,0.95485365,0.012118366,0.01669037,LowResolution,33
0.024281166,0.93734133,0.01290911,0.02546839,Noisy,33
0.8697652,0.073194526,0.014139961,0.04290035,Object,33
0.06329533,0.61153066,0.01877032,0.3064037,OutdoorManMade,33
0.076819345,0.8235037,0.01884846,0.08082845,OutdoorNatural,33
0.023983262,0.90748596,0.014173777,0.05435699,Pattern,33
0.28515613,0.6541282,0.016630957,0.044084724,Random,33
0.02477175,0.899662,0.017175937,0.05839024,Satellite,33
0.264592,0.25771952,0.016420024,0.46126845,Sketch,33
0.7909532,0.013831603,0.011511012,0.18370415,Social,33
0.35004482,0.022272578,0.011828331,0.61585426,Action,34
0.3316091,0.027605535,0.012173137,0.6286123,Affective,34
0.07344551,0.8638997,0.014988364,0.047666457,Art,34
0.10727244,0.710306,0.017414149,0.16500743,BlackWhite,34
0.16105287,0.048038855,0.012894121,0.7780141,Cartoon,34
0.034507345,0.8921575,0.013405469,0.059929717,Fractal,34
0.5096405,0.23583773,0.02024168,0.23428011,Indoor,34
0.021803549,0.941033,0.012189904,0.02497357,Inverted,34
0.23061249,0.6806566,0.020281157,0.06844972,Jumbled,34
0.054103713,0.8783441,0.015444716,0.052107457,LineDrawing,34
0.014904751,0.9587602,0.011122029,0.015212954,LowResolution,34
0.022040294,0.94291854,0.0118285455,0.023212539,Noisy,34
0.88235664,0.065988325,0.012961573,0.03869352,Object,34
0.058894537,0.6145082,0.01759793,0.30899933,OutdoorManMade,34
0.06996989,0.83915097,0.017320732,0.073558405,OutdoorNatural,34
0.021943757,0.91532224,0.013031119,0.049702883,Pattern,34
0.2771679,0.66634786,0.015537396,0.040946823,Random,34
0.022395257,0.9094795,0.015657803,0.05246751,Satellite,34
0.26019737,0.250204,0.015421203,0.47417736,Sketch,34
0.81153655,0.012560755,0.010498938,0.16540378,Social,34
0.33082822,0.02042885,0.0109476885,0.6377952,Action,35
0.31967637,0.025508981,0.011328186,0.64348644,Affective,35
0.06697551,0.8760317,0.013739872,0.043252982,Art,35
0.09967448,0.7301478,0.016145965,0.15403183,BlackWhite,35
0.14320518,0.042951092,0.011700832,0.80214286,Cartoon,35
0.031085726,0.90233743,0.012261599,0.054315254,Fractal,35
0.5352555,0.22161585,0.018903464,0.22422518,Indoor,35
0.019839322,0.9462934,0.0111895865,0.022677695,Inverted,35
0.22199777,0.6958105,0.018830411,0.06336127,Jumbled,35
0.04896019,0.88973117,0.014122597,0.047186114,LineDrawing,35
0.013654349,0.96216094,0.010254846,0.0139297675,LowResolution,35
0.020093404,0.9478381,0.010878019,0.02119052,Noisy,35
0.89532036,0.05851251,0.01173767,0.03442945,Object,35
0.055017177,0.62191623,0.016474716,0.3065918,OutdoorManMade,35
0.0628864,0.85502094,0.015764406,0.0663282,OutdoorNatural,35
0.02004266,0.922663,0.012000185,0.045294262,Pattern,35
0.26545098,0.68217236,0.014461427,0.037915193,Random,35
0.020329982,0.9177447,0.014337088,0.047588203,Satellite,35
0.25395095,0.23975019,0.014463765,0.49183506,Sketch,35
0.83257216,0.011362577,0.00955377,0.14651152,Social,35
0.31661266,0.018946229,0.010204629,0.65423644,Action,36
0.29888803,0.023198027,0.010412727,0.6675012,Affective,36
0.05997443,0.88893664,0.012473705,0.03861518,Art,36
0.093163595,0.7461385,0.014958106,0.14573982,BlackWhite,36
0.12825182,0.03864462,0.010645314,0.82245827,Cartoon,36
0.028452924,0.91035056,0.011320299,0.049876302,Fractal,36
0.56918633,0.20422783,0.017472139,0.20911363,Indoor,36
0.018078923,0.95093864,0.010281435,0.020701023,Inverted,36
0.21035342,0.7146617,0.017377729,0.05760712,Jumbled,36
0.044256907,0.90011305,0.012947001,0.042683043,LineDrawing,36
0.012456488,0.96539205,0.009428318,0.012723199,LowResolution,36
0.018319316,0.95229214,0.010034276,0.019354261,Noisy,36
0.9056318,0.052600924,0.010737994,0.031029306,Object,36
0.051207833,0.6357589,0.015388564,0.29764476,OutdoorManMade,36
0.05749616,0.867235,0.014543396,0.060725413,OutdoorNatural,36
0.01826499,0.9295897,0.011022749,0.041122645,Pattern,36
0.25506687,0.69688886,0.013429239,0.03461503,Random,36
0.018297138,0.925988,0.013059408,0.04265535,Satellite,36
0.24911961,0.22706987,0.013538936,0.5102716,Sketch,36
0.85241365,0.010265864,0.0086805085,0.12863989,Social,36
0.31437826,0.018768018,0.010119432,0.6567343,Action,37
0.2968158,0.022983694,0.010327257,0.6698733,Affective,37
0.05931979,0.89013195,0.012355971,0.03819229,Art,37
0.09245386,0.748044,0.0148398,0.14466241,BlackWhite,37
0.1266891,0.03821962,0.010541085,0.8245502,Cartoon,37
0.028167218,0.91122293,0.011220174,0.049389627,Fractal,37
0.5723128,0.20241526,0.017337948,0.20793405,Indoor,37
0.017905487,0.9513972,0.01019295,0.02050437,Inverted,37
0.20933379,0.7163241,0.017241478,0.057100654,Jumbled,37
0.04381026,0.90113026,0.01282999,0.04222955,LineDrawing,37
0.012339626,0.9657091,0.0093481215,0.012603175,LowResolution,37
0.018139103,0.95274097,0.009947003,0.019172873,Noisy,37
0.9066716,0.052001305,0.010637513,0.030689653,Object,37
0.05076889,0.6367826,0.015273872,0.2971747,OutdoorManMade,37
0.056963272,0.86845845,0.01441723,0.060161036,OutdoorNatural,37
0.01810454,0.93022335,0.010929672,0.040742464,Pattern,37
0.25363204,0.69874483,0.013324001,0.034299187,Random,37
0.018119352,0.9267138,0.012941428,0.042225394,Satellite,37
0.24817483,0.22569433,0.013447489,0.51268333,Sketch,37
0.8541526,0.010158997,0.008594241,0.12709409,Social,37
0.31214878,0.018599901,0.01003615,0.65921515,Action,38
0.29434708,0.022770593,0.010242741,0.6726396,Affective,38
0.058722306,0.89124477,0.01223819,0.037794728,Art,38
0.09180933,0.7497574,0.014720678,0.1437126,BlackWhite,38
0.12511213,0.037777588,0.010431538,0.8266787,Cartoon,38
0.027892755,0.91205454,0.011122739,0.04893003,Fractal,38
0.57566607,0.20058663,0.017195452,0.20655182,Indoor,38
0.017731791,0.9518648,0.010100218,0.020303233,Inverted,38
0.20799579,0.7183447,0.017099729,0.05655984,Jumbled,38
0.043370895,0.9021276,0.012707935,0.04179347,LineDrawing,38
0.01222037,0.96603763,0.009263243,0.012478818,LowResolution,38
0.017969655,0.9531729,0.0098608285,0.018996635,Noisy,38
0.9077127,0.051417194,0.0105343675,0.030335736,Object,38
0.05033048,0.6374402,0.015165604,0.29706365,OutdoorManMade,38
0.056421548,0.86966646,0.014290623,0.05962133,OutdoorNatural,38
0.017926456,0.9309035,0.010829826,0.040340267,Pattern,38
0.2522595,0.7005508,0.013217373,0.033972397,Random,38
0.017923228,0.9275178,0.012814706,0.041744374,Satellite,38
0.24758053,0.22430377,0.013351478,0.51476425,Sketch,38
0.85595036,0.010051918,0.008507411,0.12549031,Social,38
0.30948946,0.018421514,0.009948872,0.66214013,Action,39
0.2920812,0.022551231,0.010154802,0.67521274,Affective,39
0.058110394,0.89235604,0.012122432,0.037411183,Art,39
0.09111126,0.751387,0.014609752,0.1428919,BlackWhite,39
0.123586275,0.03734766,0.010325087,0.828741,Cartoon,39
0.02757414,0.91301864,0.011011888,0.048395343,Fractal,39
0.57921916,0.19868408,0.01705657,0.20504016,Indoor,39
0.017548751,0.95234555,0.01000461,0.02010114,Inverted,39
0.20703875,0.71987474,0.016965825,0.05612071,Jumbled,39
0.0428773,0.90324324,0.01257772,0.041301798,LineDrawing,39
0.012095468,0.96637774,0.0091747455,0.012352051,LowResolution,39
0.017800098,0.95361197,0.009772122,0.018815808,Noisy,39
0.90875673,0.050818104,0.010428699,0.02999648,Object,39
0.04988885,0.6381267,0.015051303,0.2969332,OutdoorManMade,39
0.055833507,0.8710057,0.014155827,0.05900499,OutdoorNatural,39
0.017753823,0.9315784,0.010729295,0.03993851,Pattern,39
0.25096574,0.7022794,0.013108089,0.033646762,Random,39
0.017712142,0.9283642,0.012676619,0.041247066,Satellite,39
0.24667028,0.22260155,0.013246907,0.5174813,Sketch,39
0.85764337,0.009944767,0.008420309,0.12399153,Social,39
0.29769486,0.23461108,0.16548562,0.30220842,Action,4
0.29348028,0.2428485,0.17114818,0.29252306,Affective,4
0.26365775,0.29646683,0.178649,0.26122645,Art,4
0.25928253,0.28820518,0.17346899,0.27904332,BlackWhite,4
0.27780843,0.26128197,0.17558046,0.2853291,Cartoon,4
0.24604335,0.30156457,0.17236969,0.28002238,Fractal,4
0.2636267,0.27240312,0.18360825,0.28036195,Indoor,4
0.25281265,0.31492013,0.18048239,0.25178486,Inverted,4
0.26630762,0.28578597,0.18997048,0.2579359,Jumbled,4
0.2604138,0.30914634,0.17878209,0.25165775,LineDrawing,4
0.23421264,0.3494236,0.17941111,0.23695265,LowResolution,4
0.245821,0.3273034,0.18009803,0.24677758,Noisy,4
0.27509323,0.2766802,0.17526881,0.2729578,Object,4
0.25464427,0.2946183,0.17371838,0.27701902,OutdoorManMade,4
0.26203477,0.29749724,0.1796961,0.26077187,OutdoorNatural,4
0.23167811,0.32580206,0.17337355,0.26914623,Pattern,4
0.27208722,0.28845987,0.17530587,0.26414704,Random,4
0.23887838,0.2897148,0.2044106,0.26699618,Satellite,4
0.2679938,0.29571393,0.16055849,0.27573386,Sketch,4
0.30504483,0.20908254,0.17595454,0.30991808,Social,4
0.3077691,0.018261647,0.0098673,0.66410196,Action,40
0.28972745,0.022328306,0.010062064,0.6778822,Affective,40
0.057458453,0.8935374,0.011999173,0.037005007,Art,40
0.09032025,0.7533591,0.01447538,0.14184529,BlackWhite,40
0.12200763,0.03688986,0.010212493,0.83089006,Cartoon,40
0.027283223,0.91393846,0.010905496,0.04787282,Fractal,40
0.5821086,0.19703211,0.016921008,0.20393825,Indoor,40
0.017353036,0.95285827,0.009905503,0.019883143,Inverted,40
0.20577253,0.72183007,0.016806995,0.055590365,Jumbled,40
0.042430576,0.9042419,0.012459184,0.040868256,LineDrawing,40
0.011974768,0.96670324,0.009090812,0.012231217,LowResolution,40
0.017595975,0.9541293,0.009668697,0.018606143,Noisy,40
0.909758,0.050253056,0.010325473,0.029663533,Object,40
0.049484275,0.63844985,0.014937971,0.29712796,OutdoorManMade,40
0.05519602,0.87249297,0.014007429,0.05830355,OutdoorNatural,40
0.017587205,0.9322278,0.010631967,0.039553072,Pattern,40
0.24982922,0.70380354,0.013003443,0.03336378,Random,40
0.017519476,0.9291379,0.012544678,0.040797967,Satellite,40
0.24593994,0.22106881,0.013150112,0.51984113,Sketch,40
0.85929114,0.0098391175,0.0083337305,0.12253595,Social,40
0.30544975,0.018084297,0.009779748,0.66668624,Action,41
0.2878186,0.022106959,0.009971941,0.6801025,Affective,41
0.056803964,0.89472425,0.011872697,0.036599092,Art,41
0.08957709,0.75526357,0.0143421935,0.14081721,BlackWhite,41
0.12037085,0.036436416,0.010098121,0.8330946,Cartoon,41
0.026984746,0.9148907,0.010792534,0.047332004,Fractal,41
0.58551216,0.19504517,0.016772313,0.2026704,Indoor,41
0.017173473,0.953346,0.009806843,0.01967365,Inverted,41
0.20462184,0.7236397,0.016660705,0.05507778,Jumbled,41
0.04195122,0.90531284,0.012331237,0.040404655,LineDrawing,41
0.011846288,0.9670569,0.008999177,0.012097759,LowResolution,41
0.017416896,0.95458883,0.009575183,0.01841906,Noisy,41
0.91081065,0.04965878,0.010216128,0.029314436,Object,41
0.04907307,0.6394263,0.014822822,0.29667777,OutdoorManMade,41
0.05464219,0.8737912,0.01387178,0.057694796,OutdoorNatural,41
0.017384917,0.93299526,0.010520304,0.039099563,Pattern,41
0.24869238,0.7053552,0.012895281,0.033057082,Random,41
0.017327234,0.9299054,0.012413793,0.040353503,Satellite,41
0.24534565,0.21965736,0.013046546,0.5219504,Sketch,41
0.861008,0.009729841,0.00824424,0.12101788,Social,41
0.30291668,0.017914182,0.009690944,0.6694781,Action,42
0.28592438,0.021893656,0.009883779,0.68229824,Affective,42
0.056190778,0.8958775,0.011747305,0.036184385,Art,42
0.08874343,0.7574318,0.014205686,0.13961908,BlackWhite,42
0.11876246,0.035982225,0.009983857,0.8352715,Cartoon,42
0.026660036,0.9158923,0.010676301,0.04677129,Fractal,42
0.5887724,0.19327259,0.016630718,0.20132428,Indoor,42
0.016975874,0.9538755,0.009702236,0.019446416,Inverted,42
0.20357497,0.7253829,0.01650889,0.054533202,Jumbled,42
0.04148748,0.90635526,0.012204092,0.03995316,LineDrawing,42
0.011716635,0.9674118,0.008905172,0.011966351,LowResolution,42
0.017228002,0.95506793,0.009478849,0.018225282,Noisy,42
0.9119747,0.049003698,0.0100967,0.028924938,Object,42
0.048649322,0.6402942,0.014701226,0.29635525,OutdoorManMade,42
0.054004952,0.87525785,0.013722192,0.057015076,OutdoorNatural,42
0.017207684,0.93367535,0.010416835,0.03870006,Pattern,42
0.24712813,0.70736766,0.012777942,0.032726247,Random,42
0.017129838,0.9306766,0.012280796,0.03991277,Satellite,42
0.24480839,0.21798155,0.0129412785,0.52426875,Sketch,42
0.8628342,0.009614968,0.008149688,0.119401075,Social,42
0.30266392,0.017896686,0.009681983,0.6697575,Action,43
0.2856949,0.021871602,0.00987476,0.6825587,Affective,43
0.05611904,0.8960105,0.011733249,0.036137197,Art,43
0.08866685,0.7576327,0.014192119,0.13950838,BlackWhite,43
0.11860094,0.03593672,0.009972312,0.83549,Cartoon,43
0.026629575,0.9159866,0.010664929,0.046718888,Fractal,43
0.58910894,0.19308853,0.016615614,0.20118691,Indoor,43
0.01695517,0.95393133,0.00969117,0.019422235,Inverted,43
0.20347494,0.7255504,0.016493581,0.054481138,Jumbled,43
0.041438308,0.90646416,0.012190842,0.03990671,LineDrawing,43
0.0117038945,0.9674471,0.0088958405,0.011953101,LowResolution,43
0.017208165,0.95511883,0.009468427,0.018204527,Noisy,43
0.91207844,0.048946165,0.010085712,0.028889615,Object,43
0.048608594,0.6403317,0.014689328,0.29637033,OutdoorManMade,43
0.0539404,0.87540364,0.013707211,0.05694873,OutdoorNatural,43
0.017186774,0.9337556,0.010404986,0.03865263,Pattern,43
0.24703763,0.7074983,0.012767066,0.032696962,Random,43
0.01710911,0.9307618,0.012266779,0.03986233,Satellite,43
0.24476404,0.21783718,0.012931064,0.5244677,Sketch,43
0.8630163,0.009603868,0.0081402995,0.1192395,Social,43
0.3024156,0.017878138,0.009672435,0.6700338,Action,44
0.28547546,0.021849452,0.009865066,0.68281,Affective,44
0.05604864,0.8961381,0.011719972,0.036093365,Art,44
0.0885747,0.75787634,0.014177247,0.13937175,BlackWhite,44
0.118440725,0.035892688,0.009960673,0.83570594,Cartoon,44
0.026595602,0.91609293,0.010652235,0.0466593,Fractal,44
0.58941376,0.1928989,0.016600408,0.20108695,Indoor,44
0.016933654,0.95398897,0.009679706,0.019397678,Inverted,44
0.20336486,0.72573286,0.016477806,0.054424454,Jumbled,44
0.04139218,0.9065686,0.012177808,0.03986143,LineDrawing,44
0.01168956,0.96748716,0.008885123,0.011938113,LowResolution,44
0.017187765,0.9551709,0.009457811,0.018183438,Noisy,44
0.9121923,0.04888195,0.0100738825,0.028851917,Object,44
0.048564,0.6404138,0.014676613,0.29634556,OutdoorManMade,44
0.053877458,0.87554854,0.013691756,0.056882188,OutdoorNatural,44
0.017167673,0.93382907,0.01039372,0.038609482,Pattern,44
0.24692954,0.7076512,0.012755129,0.032664146,Random,44
0.017088525,0.9308446,0.0122527005,0.03981416,Satellite,44
0.24465235,0.21763416,0.012920068,0.52479345,Sketch,44
0.86318946,0.009592252,0.008130786,0.119087584,Social,44
0.3021779,0.017861376,0.009663507,0.6702972,Action,45
0.28523386,0.021825813,0.009855576,0.6830848,Affective,45
0.055984925,0.8962574,0.011706809,0.036050938,Art,45
0.08848702,0.7581124,0.014162458,0.1392382,BlackWhite,45
0.11829519,0.035848442,0.009949027,0.8359074,Cartoon,45
0.026562989,0.9161979,0.010639703,0.04659943,Fractal,45
0.58966756,0.19275966,0.01658606,0.20098671,Indoor,45
0.016912518,0.95404494,0.009668235,0.019374363,Inverted,45
0.20324175,0.7259286,0.016461333,0.054368343,Jumbled,45
0.04133989,0.9066847,0.0121638775,0.039811425,LineDrawing,45
0.011675177,0.96752685,0.008874592,0.011923322,LowResolution,45
0.017166521,0.9552253,0.00944673,0.018161457,Noisy,45
0.91231436,0.04881204,0.010061177,0.02881244,Object,45
0.048519623,0.6405056,0.014663444,0.29631135,OutdoorManMade,45
0.05381582,0.8756873,0.01367649,0.05682037,OutdoorNatural,45
0.017149318,0.93389946,0.010382599,0.038568653,Pattern,45
0.24683999,0.7077832,0.012743318,0.032633435,Random,45
0.017065369,0.9309369,0.012236858,0.03976096,Satellite,45
0.24458261,0.21744108,0.012908531,0.52506775,Sketch,45
0.86335146,0.0095807575,0.00812135,0.11894637,Social,45
0.30197984,0.01784302,0.009653812,0.6705232,Action,46
0.28496832,0.021802647,0.009845249,0.68338376,Affective,46
0.05591656,0.8963842,0.01169306,0.036006197,Art,46
0.08840203,0.75834,0.014147558,0.13911037,BlackWhite,46
0.11812983,0.03580202,0.009936489,0.8361317,Cartoon,46
0.026527388,0.9163056,0.010626512,0.046540517,Fractal,46
0.589939,0.19262832,0.01657145,0.20086126,Indoor,46
0.016891548,0.954101,0.009656551,0.019350855,Inverted,46
0.20309284,0.72615385,0.016444013,0.054309335,Jumbled,46
0.041285772,0.90680665,0.012148678,0.03975888,LineDrawing,46
0.011660533,0.9675675,0.0088637285,0.011908203,LowResolution,46
0.01714406,0.9552833,0.009434778,0.0181379,Noisy,46
0.91243154,0.048745513,0.010048593,0.028774293,Object,46
0.048474904,0.6405472,0.014650125,0.29632774,OutdoorManMade,46
0.0537506,0.87583745,0.013660271,0.056751665,OutdoorNatural,46
0.017128598,0.9339785,0.010370113,0.03852282,Pattern,46
0.24675359,0.70791125,0.012731628,0.032603472,Random,46
0.017043987,0.9310238,0.012222359,0.039709896,Satellite,46
0.24445537,0.21731026,0.012897664,0.5253367,Sketch,46
0.86351913,0.009569276,0.008111879,0.1187998,Social,46
0.3016727,0.017824212,0.009643894,0.67085916,Action,47
0.28471246,0.021779072,0.009835052,0.6836734,Affective,47
0.05584795,0.8965151,0.0116782,0.0359588,Art,47
0.08830987,0.7585889,0.014131772,0.13896939,BlackWhite,47
0.11797616,0.035755306,0.009924024,0.8363445,Cartoon,47
0.026495947,0.9164054,0.010613996,0.046484657,Fractal,47
0.5902073,0.1924911,0.01655712,0.20074454,Indoor,47
0.016868852,0.9541616,0.009644234,0.019325417,Inverted,47
0.20300868,0.7263015,0.016428031,0.054261837,Jumbled,47
0.04123473,0.90692145,0.012134364,0.039709397,LineDrawing,47
0.011645863,0.96760845,0.008852754,0.011892982,LowResolution,47
0.01712228,0.9553384,0.009423382,0.018116003,Noisy,47
0.91253805,0.04868595,0.010036741,0.028739281,Object,47
0.04843622,0.64062417,0.014637143,0.29630247,OutdoorManMade,47
0.053678837,0.87599766,0.013643394,0.056680124,OutdoorNatural,47
0.017108433,0.9340571,0.0103579,0.03847657,Pattern,47
0.24666175,0.7080515,0.012719129,0.032567695,Random,47
0.017020058,0.9311208,0.012205501,0.039653648,Satellite,47
0.24436545,0.21717027,0.01288608,0.5255782,Sketch,47
0.863711,0.009556466,0.008101329,0.118631266,Social,47
0.30139917,0.017806524,0.009634498,0.67115986,Action,48
0.28445688,0.021755792,0.009825072,0.6839622,Affective,48
0.055776976,0.89664704,0.011663529,0.03591248,Art,48
0.088232905,0.75879323,0.014116985,0.13885684,BlackWhite,48
0.11782119,0.035710275,0.009912058,0.8365565,Cartoon,48
0.026461964,0.9165122,0.010600685,0.046425212,Fractal,48
0.5904831,0.19233201,0.016541779,0.20064314,Indoor,48
0.016846128,0.95422304,0.009631554,0.01929933,Inverted,48
0.20289558,0.7264852,0.016411504,0.054207698,Jumbled,48
0.041182786,0.9070398,0.012119195,0.039658118,LineDrawing,48
0.011629274,0.967654,0.008840494,0.011876223,LowResolution,48
0.017099641,0.95539683,0.009411016,0.018092489,Noisy,48
0.9126502,0.04862314,0.010024227,0.028702322,Object,48
0.048398264,0.6406741,0.014624541,0.29630315,OutdoorManMade,48
0.053615168,0.8761418,0.013627458,0.056615546,OutdoorNatural,48
0.01708853,0.934132,0.0103457915,0.038433664,Pattern,48
0.24648751,0.70827734,0.012704825,0.032530367,Random,48
0.016996486,0.93121654,0.012189173,0.039597806,Satellite,48
0.24430506,0.21701798,0.01287467,0.52580225,Sketch,48
0.8638877,0.009544453,0.008091112,0.11847675,Social,48
0.3066799,0.22994307,0.1494401,0.31393695,Action,5
0.2996271,0.24390845,0.15587309,0.3005914,Affective,5
0.2645385,0.30993643,0.1641368,0.26138827,Art,5
0.2565744,0.2990848,0.159133,0.28520784,BlackWhite,5
0.28141892,0.26210892,0.15964542,0.29682672,Cartoon,5
0.24228522,0.31572816,0.15676701,0.2852196,Fractal,5
0.2648032,0.28124046,0.16806792,0.2858884,Indoor,5
0.25150925,0.33330157,0.16653827,0.24865092,Inverted,5
0.26784497,0.30206382,0.17592221,0.25416902,Jumbled,5
0.26240474,0.32421434,0.16314782,0.25023308,LineDrawing,5
0.22531225,0.38114774,0.16560094,0.22793905,LowResolution,5
0.23803614,0.35162205,0.16455747,0.2457843,Noisy,5
0.28096765,0.28609672,0.15983737,0.27309823,Object,5
0.25147086,0.3060878,0.16038238,0.28205892,OutdoorManMade,5
0.25984284,0.30882198,0.16629986,0.26503536,OutdoorNatural,5
0.22089624,0.3483481,0.15934756,0.27140805,Pattern,5
0.27669314,0.30186212,0.15988572,0.26155907,Random,5
0.23212789,0.2997192,0.19207303,0.27607983,Satellite,5
0.27101496,0.30269098,0.14357626,0.28271782,Sketch,5
0.31785035,0.1967178,0.16101708,0.32441473,Social,5
0.31737852,0.2219061,0.13523212,0.3254832,Action,6
0.30550188,0.23925607,0.14201671,0.3132253,Affective,6
0.26142597,0.32530236,0.15027417,0.26299748,Art,6
0.25433925,0.30780458,0.14650568,0.29135045,BlackWhite,6
0.28271794,0.26340768,0.14403997,0.30983445,Cartoon,6
0.23825178,0.33097365,0.14280246,0.28797212,Fractal,6
0.26417267,0.29173404,0.1543903,0.28970295,Indoor,6
0.2459753,0.35304216,0.15519485,0.24578762,Inverted,6
0.27243826,0.30930492,0.16355634,0.25470045,Jumbled,6
0.25795355,0.34230337,0.14919308,0.25055003,LineDrawing,6
0.21314828,0.41886568,0.15159068,0.21639533,LowResolution,6
0.23156641,0.37743968,0.15085569,0.24013822,Noisy,6
0.2877005,0.29361355,0.14623237,0.27245358,Object,6
0.24884334,0.31885105,0.14662103,0.28568462,OutdoorManMade,6
0.25772038,0.32415858,0.15292902,0.26519206,OutdoorNatural,6
0.21326452,0.36947402,0.14625128,0.27101016,Pattern,6
0.28266555,0.31577346,0.14502524,0.25653574,Random,6
0.22921276,0.31349924,0.17984387,0.2774441,Satellite,6
0.2740834,0.31011856,0.12935235,0.28644565,Sketch,6
0.32787293,0.1843689,0.14590096,0.34185725,Social,6
0.32270548,0.21509284,0.122109674,0.340092,Action,7
0.31154627,0.2366411,0.12751669,0.32429594,Affective,7
0.26290312,0.34228435,0.13769321,0.25711933,Art,7
0.25220585,0.31884545,0.13395171,0.29499698,BlackWhite,7
0.28523427,0.2630909,0.13127743,0.3203974,Cartoon,7
0.23443772,0.34480485,0.13008603,0.29067135,Fractal,7
0.26620752,0.29752544,0.1421176,0.2941494,Indoor,7
0.23921366,0.37651318,0.14327033,0.24100289,Inverted,7
0.2762462,0.32320222,0.150145,0.25040653,Jumbled,7
0.25472358,0.3564655,0.13829082,0.25052008,LineDrawing,7
0.20330194,0.45193902,0.13982181,0.20493722,LowResolution,7
0.22303542,0.40322605,0.13915084,0.23458771,Noisy,7
0.29097593,0.3014792,0.13385132,0.27369362,Object,7
0.24510486,0.3270915,0.13485551,0.29294813,OutdoorManMade,7
0.25625685,0.3348324,0.14231004,0.26660067,OutdoorNatural,7
0.20355776,0.39021024,0.13371551,0.27251646,Pattern,7
0.28355408,0.33041716,0.13324386,0.25278494,Random,7
0.2216519,0.33273947,0.16748333,0.27812532,Satellite,7
0.2729953,0.31677115,0.11633583,0.29389772,Sketch,7
0.34303963,0.17193097,0.13145652,0.35357288,Social,7
0.33081278,0.20724909,0.110753775,0.35118434,Action,8
0.3180832,0.22990793,0.1162315,0.3357774,Affective,8
0.263382,0.3527309,0.12609409,0.25779298,Art,8
0.24940541,0.32893315,0.12297831,0.29868314,BlackWhite,8
0.28991064,0.26401713,0.11976393,0.32630828,Cartoon,8
0.22973803,0.35961056,0.119663484,0.2909879,Fractal,8
0.27168486,0.30047935,0.12960464,0.2982311,Indoor,8
0.23296703,0.40035838,0.13244838,0.23422629,Inverted,8
0.2772838,0.33283907,0.13933514,0.25054207,Jumbled,8
0.25101084,0.37297833,0.12696265,0.24904819,LineDrawing,8
0.19072253,0.48756838,0.12711334,0.19459571,LowResolution,8
0.21855481,0.42703557,0.12786694,0.22654262,Noisy,8
0.29917344,0.30529502,0.12252633,0.2730052,Object,8
0.2409696,0.33699223,0.12392674,0.29811138,OutdoorManMade,8
0.2566211,0.34399235,0.13191299,0.26747355,OutdoorNatural,8
0.19694078,0.40688094,0.123445824,0.27273244,Pattern,8
0.28843832,0.3411053,0.12210261,0.24835372,Random,8
0.21528101,0.35243505,0.15459314,0.2776908,Satellite,8
0.2749183,0.32021806,0.10568462,0.29917905,Sketch,8
0.35178077,0.15924315,0.1192206,0.36975548,Social,8
0.34129226,0.1953414,0.10071978,0.36264655,Action,9
0.32416052,0.2241567,0.105347045,0.3463358,Affective,9
0.26522386,0.36648107,0.1163263,0.25196874,Art,9
0.2456447,0.34009632,0.11269727,0.30156165,BlackWhite,9
0.29095826,0.26694638,0.10960852,0.33248684,Cartoon,9
0.2228916,0.381438,0.109271176,0.28639928,Fractal,9
0.27281645,0.3090721,0.11954841,0.29856303,Indoor,9
0.22225106,0.42611745,0.1221286,0.22950284,Inverted,9
0.2805987,0.3439906,0.12874088,0.24666977,Jumbled,9
0.24949096,0.38144636,0.11654814,0.25251457,LineDrawing,9
0.17709814,0.5237422,0.116270036,0.18288961,LowResolution,9
0.20971705,0.45298,0.11764625,0.21965663,Noisy,9
0.30736423,0.31235546,0.11259935,0.26768094,Object,9
0.23977149,0.3445556,0.114026405,0.30164656,OutdoorManMade,9
0.2543186,0.35330608,0.12295897,0.26941633,OutdoorNatural,9
0.18654111,0.4283407,0.11299606,0.27212217,Pattern,9
0.29461935,0.35116932,0.11184008,0.24237125,Random,9
0.20793034,0.37054732,0.14218514,0.27933723,Satellite,9
0.27505994,0.32497764,0.09537201,0.30459043,Sketch,9
0.36620176,0.14633474,0.10775752,0.37970603,Social,9
0.30139917,0.017806524,0.009634498,0.67115986,Action,49
0.28445688,0.021755792,0.009825072,0.6839622,Affective,49
0.055776976,0.89664704,0.011663529,0.03591248,Art,49
0.088232905,0.75879323,0.014116985,0.13885684,BlackWhite,49
0.11782119,0.035710275,0.009912058,0.8365565,Cartoon,49
0.026461964,0.9165122,0.010600685,0.046425212,Fractal,49
0.5904831,0.19233201,0.016541779,0.20064314,Indoor,49
0.016846128,0.95422304,0.009631554,0.01929933,Inverted,49
0.20289558,0.7264852,0.016411504,0.054207698,Jumbled,49
0.041182786,0.9070398,0.012119195,0.039658118,LineDrawing,49
0.011629274,0.967654,0.008840494,0.011876223,LowResolution,49
0.017099641,0.95539683,0.009411016,0.018092489,Noisy,49
0.9126502,0.04862314,0.010024227,0.028702322,Object,49
0.048398264,0.6406741,0.014624541,0.29630315,OutdoorManMade,49
0.053615168,0.8761418,0.013627458,0.056615546,OutdoorNatural,49
0.01708853,0.934132,0.0103457915,0.038433664,Pattern,49
0.24648751,0.70827734,0.012704825,0.032530367,Random,49
0.016996486,0.93121654,0.012189173,0.039597806,Satellite,49
0.24430506,0.21701798,0.01287467,0.52580225,Sketch,49
0.8638877,0.009544453,0.008091112,0.11847675,Social,49
