,epoch,timestamp,learning_rate,loss,validation_IG,validation_LL,validation_AUC,validation_NSS,train_loss_Action,val_ig_Action,val_ll_Action,train_loss_Affective,val_ig_Affective,val_ll_Affective,train_loss_Art,val_ig_Art,val_ll_Art,train_loss_BlackWhite,val_ig_BlackWhite,val_ll_BlackWhite,train_loss_Cartoon,val_ig_Cartoon,val_ll_Cartoon,train_loss_Fractal,val_ig_Fractal,val_ll_Fractal,train_loss_Indoor,val_ig_Indoor,val_ll_Indoor,train_loss_Inverted,val_ig_Inverted,val_ll_Inverted,train_loss_Jumbled,val_ig_Jumbled,val_ll_Jumbled,train_loss_LineDrawing,val_ig_LineDrawing,val_ll_LineDrawing,train_loss_LowResolution,val_ig_LowResolution,val_ll_LowResolution,train_loss_Noisy,val_ig_Noisy,val_ll_Noisy,train_loss_Object,val_ig_Object,val_ll_Object,train_loss_OutdoorManMade,val_ig_OutdoorManMade,val_ll_OutdoorManMade,train_loss_OutdoorNatural,val_ig_OutdoorNatural,val_ll_OutdoorNatural,train_loss_Pattern,val_ig_Pattern,val_ll_Pattern,train_loss_Random,val_ig_Random,val_ll_Random,train_loss_Satelite,val_ig_Satelite,val_ll_Satelite,train_loss_Sketch,val_ig_Sketch,val_ll_Sketch,train_loss_Social,val_ig_Social,val_ll_Social
1,1,2024-11-18 01:42:47.056299,0.0001,4551.006774139404,-4528.426739501953,-4545.062034606934,0.8648822423070669,1.8987305760383606,4626.158092498779,-4700.5577392578125,-4717.19303894043,4828.108985900879,-4782.192932128906,-4798.828201293945,4667.439453125,-4587.768783569336,-4604.404098510742,4432.65584564209,-4267.467437744141,-4284.102798461914,4938.606288909912,-4927.638885498047,-4944.274139404297,4290.208042144775,-4329.07666015625,-4345.711975097656,4793.583507537842,-4938.7664794921875,-4955.4017333984375,4725.219703674316,-4959.1181640625,-4975.753448486328,5004.849411010742,-4899.484710693359,-4916.119964599609,4629.820873260498,-4571.05924987793,-4587.694534301758,3809.624671936035,-3682.710006713867,-3699.345458984375,4061.2124671936035,-4099.266159057617,-4115.90153503418,4490.595287322998,-4521.213180541992,-4537.848495483398,4753.32438659668,-4739.842178344727,-4756.477447509766,4411.792655944824,-4312.94987487793,-4329.585235595703,4245.632244110107,-4211.286437988281,-4227.921813964844,4420.871643066406,-4233.31086730957,-4249.946243286133,4546.619834899902,-4607.626861572266,-4624.262145996094,4155.866794586182,-4158.424301147461,-4175.059646606445,5187.945281982422,-5038.773712158203,-5055.408966064453
2,2,2024-11-18 02:15:46.051053,0.0001,4501.897724914551,-4516.660887145996,-4533.296243286133,0.868285833671689,1.9698431342840195,4557.8378829956055,-4685.672744750977,-4702.308044433594,4767.8030128479,-4762.681411743164,-4779.316696166992,4619.338729858398,-4575.295974731445,-4591.931289672852,4375.653751373291,-4256.816650390625,-4273.452011108398,4896.089065551758,-4918.942230224609,-4935.577484130859,4241.886405944824,-4316.326065063477,-4332.961380004883,4760.861915588379,-4925.355224609375,-4941.990478515625,4689.145149230957,-4946.381530761719,-4963.016815185547,4970.913990020752,-4888.982528686523,-4905.6177978515625,4582.638847351074,-4567.662414550781,-4584.297698974609,3756.8124465942383,-3671.4825592041016,-3688.1180114746094,4016.1480407714844,-4092.3251037597656,-4108.960479736328,4441.655403137207,-4505.437240600586,-4522.072570800781,4711.565650939941,-4727.797668457031,-4744.432952880859,4379.6513023376465,-4302.688079833984,-4319.323440551758,4185.241302490234,-4201.799407958984,-4218.434783935547,4361.290382385254,-4223.860702514648,-4240.496078491211,4522.90852355957,-4601.816711425781,-4618.451995849609,4070.868824005127,-4140.061218261719,-4156.696563720703,5129.643772125244,-5021.832611083984,-5038.467864990234
3,3,2024-11-18 02:48:55.646408,0.0001,4492.007600021362,-4513.1581756591795,-4529.793487548828,0.8695236895233392,1.9974746331572533,4544.608783721924,-4681.555618286133,-4698.19091796875,4753.850288391113,-4759.57893371582,-4776.214218139648,4610.119380950928,-4572.139984130859,-4588.775299072266,4366.6676025390625,-4250.433822631836,-4267.069183349609,4887.506084442139,-4915.704895019531,-4932.340148925781,4232.226341247559,-4314.326721191406,-4330.9620361328125,4753.542263031006,-4921.055328369141,-4937.690582275391,4678.524391174316,-4943.272384643555,-4959.907669067383,4963.377552032471,-4887.680450439453,-4904.315704345703,4573.76456451416,-4562.974365234375,-4579.609649658203,3748.0206985473633,-3664.670608520508,-3681.3060607910156,4007.682071685791,-4090.3680114746094,-4107.003387451172,4428.521160125732,-4501.76969909668,-4518.405014038086,4702.995944976807,-4726.709197998047,-4743.344482421875,4369.484642028809,-4300.3267822265625,-4316.962142944336,4177.979476928711,-4199.553298950195,-4216.188674926758,4349.289394378662,-4219.52946472168,-4236.164855957031,4516.873756408691,-4598.584884643555,-4615.220169067383,4058.1156272888184,-4136.270919799805,-4152.906265258789,5117.001899719238,-5016.657989501953,-5033.293243408203
4,4,2024-11-18 03:21:16.163632,0.0001,4485.248065948486,-4509.38868560791,-4526.023994445801,0.8699495770037174,2.0173031494021414,4536.1130027771,-4677.247299194336,-4693.882598876953,4748.772869110107,-4754.26643371582,-4770.901718139648,4603.376655578613,-4568.468399047852,-4585.103713989258,4357.775722503662,-4247.911773681641,-4264.547134399414,4878.671051025391,-4911.4947509765625,-4928.1300048828125,4228.99393081665,-4308.289962768555,-4324.925277709961,4747.19868850708,-4920.5921630859375,-4937.2274169921875,4673.314918518066,-4942.843078613281,-4959.478363037109,4957.661430358887,-4885.332656860352,-4901.967926025391,4567.872745513916,-4562.750061035156,-4579.385345458984,3741.2131385803223,-3657.4547119140625,-3674.0901641845703,4001.670478820801,-4086.2813720703125,-4102.916748046875,4419.569110870361,-4499.293380737305,-4515.9287109375,4696.02258682251,-4724.439315795898,-4741.074600219727,4364.042957305908,-4295.364334106445,-4311.999694824219,4171.638580322266,-4190.25862121582,-4206.893997192383,4343.635303497314,-4214.700347900391,-4231.335739135742,4513.296585083008,-4595.61311340332,-4612.248397827148,4046.1929473876953,-4130.374984741211,-4147.010330200195,5107.928726196289,-5014.796722412109,-5031.431976318359
5,5,2024-11-18 03:53:33.370489,0.0001,4479.791640472412,-4506.831628417969,-4523.466905212403,0.8709187749773264,2.03503282815218,4530.73477935791,-4675.3221435546875,-4691.957443237305,4739.232456207275,-4753.698532104492,-4770.33381652832,4596.425510406494,-4569.2535400390625,-4585.888854980469,4353.603698730469,-4247.984939575195,-4264.620300292969,4871.530139923096,-4906.3565673828125,-4922.9918212890625,4223.745517730713,-4304.884094238281,-4321.5194091796875,4743.923679351807,-4915.781219482422,-4932.416473388672,4666.6770095825195,-4936.09831237793,-4952.733596801758,4955.319511413574,-4880.520614624023,-4897.1558837890625,4562.385234832764,-4560.239807128906,-4576.875091552734,3738.0836791992188,-3652.0733489990234,-3668.7088012695312,3996.0601119995117,-4081.426315307617,-4098.06169128418,4413.761196136475,-4499.285934448242,-4515.9212646484375,4692.267032623291,-4723.09098815918,-4739.726272583008,4359.773326873779,-4293.57763671875,-4310.212997436523,4166.610462188721,-4190.49934387207,-4207.134719848633,4336.845050811768,-4213.806106567383,-4230.441497802734,4508.884044647217,-4593.048294067383,-4609.68359375,4039.064010620117,-4127.777099609375,-4144.412445068359,5100.906562805176,-5011.907287597656,-5028.542541503906
6,6,2024-11-18 04:25:26.698555,0.0001,4474.789778518677,-4504.649104309082,-4521.284420776367,0.8715363066643477,2.0451381683349608,4522.662372589111,-4672.624618530273,-4689.259918212891,4731.397205352783,-4747.115661621094,-4763.750946044922,4592.7260665893555,-4563.714859008789,-4580.350173950195,4348.704029083252,-4248.147308349609,-4264.782669067383,4866.3430519104,-4905.850311279297,-4922.485565185547,4218.917949676514,-4301.461410522461,-4318.096725463867,4739.20499420166,-4914.200958251953,-4930.836212158203,4664.53776550293,-4934.969940185547,-4951.605224609375,4952.809452056885,-4880.651870727539,-4897.287139892578,4560.0026206970215,-4553.493209838867,-4570.128494262695,3732.267478942871,-3652.125732421875,-3668.761199951172,3990.1196899414062,-4080.6788330078125,-4097.314208984375,4409.26473236084,-4495.598861694336,-4512.234191894531,4687.135112762451,-4720.661773681641,-4737.297058105469,4353.1142654418945,-4290.8243408203125,-4307.459701538086,4162.325717926025,-4189.705917358398,-4206.341293334961,4329.5991134643555,-4213.505615234375,-4230.141006469727,4506.273780822754,-4592.477584838867,-4609.112884521484,4035.896987915039,-4128.84211730957,-4145.477462768555,5092.4932861328125,-5006.330993652344,-5022.966247558594
7,7,2024-11-18 04:58:48.980965,0.0001,4470.283325958252,-4503.815274047852,-4520.450575256347,0.8716117929667234,2.0540109500288963,4518.482837677002,-4668.890472412109,-4685.525772094727,4727.457324981689,-4746.206802368164,-4762.842086791992,4588.927017211914,-4565.066513061523,-4581.70182800293,4344.984977722168,-4245.667022705078,-4262.302383422852,4861.331943511963,-4905.604522705078,-4922.239776611328,4215.443244934082,-4298.984222412109,-4315.619537353516,4737.196273803711,-4913.445343017578,-4930.080596923828,4658.847702026367,-4932.00358581543,-4948.638870239258,4946.776851654053,-4881.225723266602,-4897.860992431641,4557.743957519531,-4559.125427246094,-4575.760711669922,3725.9430541992188,-3650.394790649414,-3667.030258178711,3988.257354736328,-4080.0960540771484,-4096.731430053711,4402.809234619141,-4497.0928955078125,-4513.728225708008,4684.1311683654785,-4720.109924316406,-4736.745208740234,4351.183589935303,-4291.900680541992,-4308.536041259766,4159.148067474365,-4187.917205810547,-4204.552581787109,4323.429821014404,-4211.21647644043,-4227.851867675781,4498.121292114258,-4590.319976806641,-4606.955276489258,4029.145420074463,-4125.679748535156,-4142.315093994141,5086.305423736572,-5005.358001708984,-5021.993255615234
8,8,2024-11-18 05:31:45.797484,0.0001,4466.865242385864,-4502.83040008545,-4519.465701293945,0.871815612912178,2.059684347361326,4514.601001739502,-4668.502105712891,-4685.137405395508,4722.200714111328,-4744.96321105957,-4761.598495483398,4587.902778625488,-4566.563858032227,-4583.199172973633,4342.315483093262,-4246.500549316406,-4263.13591003418,4857.123138427734,-4905.392547607422,-4922.027801513672,4214.1223487854,-4297.623931884766,-4314.259246826172,4732.3488121032715,-4912.426452636719,-4929.061706542969,4653.635894775391,-4928.760101318359,-4945.3953857421875,4945.388404846191,-4879.605529785156,-4896.240783691406,4552.684986114502,-4557.810729980469,-4574.446014404297,3721.4034881591797,-3649.3976287841797,-3666.0330963134766,3987.4403228759766,-4079.4051513671875,-4096.04052734375,4399.356224060059,-4496.563339233398,-4513.198669433594,4679.461673736572,-4719.917526245117,-4736.552810668945,4346.999542236328,-4289.590896606445,-4306.226257324219,4157.448776245117,-4186.438079833984,-4203.073455810547,4321.2868309021,-4209.690383911133,-4226.325775146484,4493.887672424316,-4587.959991455078,-4604.595291137695,4025.3893966674805,-4125.076065063477,-4141.711410522461,5082.307270050049,-5004.419738769531,-5021.054992675781
9,9,2024-11-18 06:03:31.484535,0.0001,4463.15619430542,-4503.013931274414,-4519.649279785156,0.8717358540743589,2.0694029863923786,4510.171585083008,-4670.591857910156,-4687.227157592773,4714.058082580566,-4742.98193359375,-4759.617218017578,4583.717956542969,-4562.523620605469,-4579.158935546875,4336.938259124756,-4244.8507080078125,-4261.486068725586,4853.810894012451,-4905.491455078125,-4922.126708984375,4209.564430236816,-4300.70930480957,-4317.344619750977,4731.2672119140625,-4912.969329833984,-4929.604583740234,4649.636905670166,-4930.099655151367,-4946.734939575195,4942.0899658203125,-4881.102249145508,-4897.737518310547,4550.30729675293,-4559.830535888672,-4576.4658203125,3718.4632835388184,-3643.4005279541016,-3660.0359954833984,3983.247287750244,-4080.3790130615234,-4097.014389038086,4394.498271942139,-4499.873458862305,-4516.5087890625,4679.189033508301,-4719.5565185546875,-4736.191802978516,4345.633033752441,-4291.697692871094,-4308.333053588867,4152.76708984375,-4187.162521362305,-4203.797897338867,4316.861656188965,-4208.129379272461,-4224.7647705078125,4492.719966888428,-4590.696197509766,-4607.331497192383,4022.588554382324,-4124.408950805664,-4141.044296264648,5075.59309387207,-5003.823913574219,-5020.459167480469
10,10,2024-11-18 06:34:29.450514,0.0001,4459.94288597107,-4501.361506652832,-4517.9968185424805,0.8722993310540914,2.0764310345053674,4503.786396026611,-4667.646942138672,-4684.282241821289,4712.708873748779,-4742.246765136719,-4758.882049560547,4579.079822540283,-4563.793685913086,-4580.429000854492,4331.1139793396,-4243.996322631836,-4260.631683349609,4849.454265594482,-4908.291595458984,-4924.926849365234,4209.028495788574,-4299.279113769531,-4315.9144287109375,4726.148685455322,-4912.433837890625,-4929.069091796875,4649.393898010254,-4927.554718017578,-4944.190002441406,4940.403148651123,-4877.886489868164,-4894.521759033203,4548.029026031494,-4550.365936279297,-4567.001220703125,3713.9654960632324,-3643.0135650634766,-3659.6490325927734,3978.3526878356934,-4077.583526611328,-4094.2189025878906,4392.187969207764,-4497.198486328125,-4513.83381652832,4673.004844665527,-4717.596221923828,-4734.231506347656,4342.402942657471,-4292.402481079102,-4309.037841796875,4150.243457794189,-4186.575012207031,-4203.210388183594,4313.795574188232,-4210.288497924805,-4226.923889160156,4491.210079193115,-4587.401138305664,-4604.036437988281,4021.4429512023926,-4122.402557373047,-4139.037902832031,5073.1052894592285,-4999.273223876953,-5015.908477783203
11,11,2024-11-18 07:05:23.111532,0.0001,4456.951345062256,-4501.487753295898,-4518.123083496093,0.8721940290182829,2.0827254235744475,4502.875644683838,-4666.987518310547,-4683.622817993164,4706.752765655518,-4741.216384887695,-4757.851669311523,4574.875076293945,-4564.173080444336,-4580.808395385742,4330.469703674316,-4243.499404907227,-4260.134765625,4846.7335205078125,-4905.703796386719,-4922.339050292969,4207.127769470215,-4296.352188110352,-4312.987503051758,4724.667510986328,-4909.723907470703,-4926.359161376953,4645.419212341309,-4926.494674682617,-4943.129959106445,4936.669380187988,-4880.731109619141,-4897.366363525391,4548.386173248291,-4555.947006225586,-4572.582290649414,3710.0993041992188,-3639.6851959228516,-3656.3206634521484,3977.953598022461,-4080.3528442382812,-4096.988220214844,4385.703742980957,-4493.72428894043,-4510.359619140625,4670.211627960205,-4720.809967041016,-4737.445251464844,4341.061973571777,-4291.276550292969,-4307.911911010742,4149.428867340088,-4186.469284057617,-4203.10466003418,4308.969783782959,-4209.07209777832,-4225.707489013672,4489.499324798584,-4589.374221801758,-4606.009521484375,4015.629970550537,-4124.723648071289,-4141.358993530273,5066.492050170898,-5003.437957763672,-5020.073211669922
12,12,2024-11-18 07:36:11.872550,0.0001,4453.273170852661,-4500.967134094239,-4517.602490234375,0.8723553195595741,2.0809311240911486,4497.392547607422,-4665.497253417969,-4682.132553100586,4703.659435272217,-4742.791519165039,-4759.426803588867,4573.733722686768,-4566.713928222656,-4583.3492431640625,4326.647747039795,-4244.360290527344,-4260.995651245117,4843.745189666748,-4903.752502441406,-4920.387756347656,4202.231494903564,-4297.294677734375,-4313.929992675781,4723.911758422852,-4907.146057128906,-4923.781311035156,4642.322952270508,-4924.438705444336,-4941.073989868164,4936.763652801514,-4882.342178344727,-4898.977447509766,4545.165092468262,-4551.602447509766,-4568.237731933594,3706.232261657715,-3641.605026245117,-3658.240493774414,3974.0726051330566,-4079.4484252929688,-4096.083801269531,4381.1512451171875,-4496.936462402344,-4513.571792602539,4666.452533721924,-4718.103790283203,-4734.739074707031,4335.229015350342,-4291.149963378906,-4307.78532409668,4144.85298538208,-4189.273025512695,-4205.908401489258,4306.039817810059,-4208.924301147461,-4225.5596923828125,4482.789810180664,-4590.617477416992,-4607.252777099609,4013.8242683410645,-4120.155776977539,-4136.791122436523,5059.2454833984375,-4997.189147949219,-5013.824401855469
13,13,2024-11-18 08:06:58.123008,0.0001,4450.356872558594,-4500.850465393067,-4517.485784912109,0.8721036188304424,2.0830896120518445,4495.258277893066,-4666.669448852539,-4683.304748535156,4694.903617858887,-4743.3154296875,-4759.950714111328,4569.844692230225,-4563.693908691406,-4580.3292236328125,4325.84810256958,-4247.409866333008,-4264.045227050781,4837.455902099609,-4904.865966796875,-4921.501220703125,4203.400020599365,-4296.961410522461,-4313.596725463867,4720.740325927734,-4910.740203857422,-4927.375457763672,4637.176429748535,-4924.999359130859,-4941.6346435546875,4933.441780090332,-4879.248001098633,-4895.883270263672,4545.086948394775,-4552.178527832031,-4568.813812255859,3701.2924728393555,-3638.5359802246094,-3655.1714477539062,3970.8453330993652,-4077.338821411133,-4093.9741973876953,4377.538650512695,-4499.172790527344,-4515.808120727539,4664.738567352295,-4718.598205566406,-4735.233489990234,4333.752868652344,-4289.348937988281,-4305.984298706055,4143.064861297607,-4187.817977905273,-4204.453353881836,4302.596439361572,-4207.142883300781,-4223.778274536133,4484.180595397949,-4585.398345947266,-4602.033645629883,4011.105930328369,-4123.2529296875,-4139.888275146484,5054.865547180176,-5000.320343017578,-5016.955596923828
14,14,2024-11-18 08:37:40.990952,0.0001,4447.212631225586,-4501.105503845215,-4517.740800476075,0.8723679300397634,2.094578205794096,4491.104198455811,-4667.523544311523,-4684.158843994141,4693.773895263672,-4745.157775878906,-4761.793060302734,4567.538261413574,-4564.823593139648,-4581.458908081055,4321.559352874756,-4244.705657958984,-4261.341018676758,4838.5803871154785,-4906.868438720703,-4923.503692626953,4198.552604675293,-4295.494583129883,-4312.129898071289,4720.116283416748,-4912.149200439453,-4928.784454345703,4633.690521240234,-4927.558044433594,-4944.193328857422,4932.840595245361,-4881.529571533203,-4898.164825439453,4541.886859893799,-4553.526947021484,-4570.1622314453125,3699.156410217285,-3635.183395385742,-3651.818862915039,3966.4637489318848,-4075.244659423828,-4091.8800354003906,4374.751434326172,-4498.761138916016,-4515.396469116211,4661.717998504639,-4719.593643188477,-4736.228927612305,4330.4454917907715,-4291.985412597656,-4308.62077331543,4138.854919433594,-4189.857223510742,-4206.492599487305,4299.086475372314,-4204.740417480469,-4221.37580871582,4478.87313079834,-4586.922592163086,-4603.557891845703,4007.101261138916,-4119.160751342773,-4135.796096801758,5048.158664703369,-5001.3232421875,-5017.95849609375
15,15,2024-11-18 09:08:19.221434,0.0001,4444.300317001343,-4502.052702331543,-4518.6880554199215,0.8715520709753036,2.077902051061392,4488.036201477051,-4666.338455200195,-4682.9737548828125,4687.452751159668,-4745.049102783203,-4761.684387207031,4565.074165344238,-4564.5146484375,-4581.149963378906,4318.2119140625,-4246.444534301758,-4263.079895019531,4832.96622467041,-4906.514587402344,-4923.149841308594,4199.479732513428,-4300.018615722656,-4316.6539306640625,4714.759315490723,-4914.464019775391,-4931.099273681641,4630.321521759033,-4923.982147216797,-4940.617431640625,4932.366458892822,-4880.587661743164,-4897.222930908203,4538.632698059082,-4555.132232666016,-4571.767517089844,3692.9694442749023,-3638.6978759765625,-3655.3333435058594,3965.4589653015137,-4081.0313720703125,-4097.666748046875,4370.073837280273,-4501.798538208008,-4518.433853149414,4660.950134277344,-4718.679702758789,-4735.314987182617,4328.600120544434,-4288.687515258789,-4305.3228759765625,4139.122535705566,-4187.854232788086,-4204.489608764648,4298.359973907471,-4206.550704956055,-4223.186096191406,4475.038009643555,-4586.744827270508,-4603.380126953125,4006.140625,-4126.149688720703,-4142.7850341796875,5041.991611480713,-5001.813934326172,-5018.449188232422
16,16,2024-11-18 09:38:56.591140,0.0001,4441.6546443939205,-4499.679216003418,-4516.3145202636715,0.8721552565693855,2.099391820654273,4483.803440093994,-4666.529922485352,-4683.165222167969,4683.250930786133,-4741.151504516602,-4757.78678894043,4561.887195587158,-4563.143707275391,-4579.779022216797,4318.185791015625,-4247.753845214844,-4264.389205932617,4832.042449951172,-4904.608367919922,-4921.243621826172,4196.098838806152,-4295.673416137695,-4312.308731079102,4712.95299911499,-4909.4034423828125,-4926.0386962890625,4628.882175445557,-4921.670166015625,-4938.305450439453,4928.952896118164,-4880.988693237305,-4897.623962402344,4537.297065734863,-4554.751266479492,-4571.38655090332,3693.506965637207,-3631.3025665283203,-3647.9380493164062,3961.23974609375,-4073.9346466064453,-4090.570022583008,4366.945217132568,-4499.264495849609,-4515.899826049805,4657.013378143311,-4718.309494018555,-4734.944778442383,4328.663604736328,-4288.302597045898,-4304.937957763672,4136.211566925049,-4187.933532714844,-4204.568908691406,4295.018493652344,-4206.986267089844,-4223.621658325195,4471.647632598877,-4583.657760620117,-4600.293060302734,4004.4600563049316,-4117.614562988281,-4134.249908447266,5035.032180786133,-5000.60400390625,-5017.2392578125
17,17,2024-11-18 10:09:26.864764,0.0001,4438.612432098389,-4500.10791015625,-4516.743228149414,0.8718913611024618,2.0920373741537333,4479.692207336426,-4667.14323425293,-4683.778533935547,4678.503288269043,-4743.258605957031,-4759.893890380859,4559.166862487793,-4561.593322753906,-4578.2286376953125,4316.450866699219,-4245.000686645508,-4261.636047363281,4827.217414855957,-4905.183685302734,-4921.818939208984,4192.3137855529785,-4296.898666381836,-4313.533981323242,4712.8424644470215,-4908.858245849609,-4925.493499755859,4624.963966369629,-4924.932769775391,-4941.568054199219,4925.433120727539,-4882.624862670898,-4899.2601318359375,4536.889457702637,-4550.430358886719,-4567.065643310547,3689.3315925598145,-3632.607208251953,-3649.24267578125,3957.0071601867676,-4078.2022247314453,-4094.837600708008,4365.497814178467,-4499.716796875,-4516.352127075195,4654.892658233643,-4719.062042236328,-4735.697326660156,4324.822868347168,-4290.852981567383,-4307.488342285156,4132.259014129639,-4188.150421142578,-4204.785797119141,4293.658260345459,-4205.408432006836,-4222.0438232421875,4467.206230163574,-4583.854415893555,-4600.489715576172,4003.9456748962402,-4116.358444213867,-4132.993789672852,5030.153823852539,-5002.020904541016,-5018.656158447266
18,18,2024-11-18 10:39:58.310023,0.0001,4436.475715255738,-4499.618795776367,-4516.254135131836,0.8718304954469204,2.0976580530405045,4475.388134002686,-4666.3096923828125,-4682.94499206543,4673.860321044922,-4745.429931640625,-4762.065216064453,4557.132038116455,-4564.4560546875,-4581.091369628906,4313.392322540283,-4247.808349609375,-4264.443710327148,4823.894115447998,-4905.838134765625,-4922.473388671875,4192.574161529541,-4292.919464111328,-4309.554779052734,4709.365009307861,-4908.146301269531,-4924.781555175781,4619.353328704834,-4922.959991455078,-4939.595275878906,4926.495754241943,-4881.347854614258,-4897.983123779297,4533.304500579834,-4548.023254394531,-4564.658538818359,3685.961078643799,-3630.447021484375,-3647.082489013672,3956.7638397216797,-4074.0845489501953,-4090.719924926758,4364.184104919434,-4498.937652587891,-4515.572982788086,4652.509204864502,-4718.681015014648,-4735.316299438477,4321.255157470703,-4290.371520996094,-4307.006881713867,4132.147861480713,-4188.049667358398,-4204.685043334961,4290.673370361328,-4208.656829833984,-4225.292221069336,4472.5883712768555,-4584.438735961914,-4601.074035644531,4003.8974800109863,-4117.361907958984,-4133.997253417969,5024.774002075195,-4998.108001708984,-5014.743255615234
19,19,2024-11-18 11:09:54.779702,0.0001,4433.387009429932,-4499.445289611816,-4516.080645751953,0.8717207808047533,2.0961983669549227,4470.598041534424,-4665.324356079102,-4681.959655761719,4669.30485534668,-4741.366973876953,-4758.002258300781,4554.815017700195,-4563.052230834961,-4579.687545776367,4306.664539337158,-4252.998016357422,-4269.633377075195,4822.034744262695,-4904.003143310547,-4920.638397216797,4190.543407440186,-4296.415725708008,-4313.051040649414,4707.647109985352,-4910.5322265625,-4927.16748046875,4617.31827545166,-4922.069641113281,-4938.704925537109,4925.771015167236,-4878.761856079102,-4895.397125244141,4531.808685302734,-4551.491760253906,-4568.127044677734,3682.9389572143555,-3629.9771423339844,-3646.6126098632812,3954.5084953308105,-4076.4827728271484,-4093.118148803711,4358.28231048584,-4497.352279663086,-4513.987609863281,4648.5510330200195,-4717.228378295898,-4733.863662719727,4321.425521850586,-4289.3297119140625,-4305.965072631836,4130.276710510254,-4187.048431396484,-4203.683807373047,4288.079559326172,-4207.992599487305,-4224.627990722656,4463.9835777282715,-4579.887054443359,-4596.522354125977,3999.6662521362305,-4118.556015014648,-4135.191360473633,5023.522071838379,-4999.035736083984,-5015.670989990234
20,20,2024-11-18 11:39:38.417620,0.0001,4431.007143402099,-4500.190971374512,-4516.826327514648,0.871311378851533,2.094813196361065,4469.628921508789,-4669.395065307617,-4686.030364990234,4669.662567138672,-4744.357757568359,-4760.9930419921875,4553.395389556885,-4563.1905517578125,-4579.825866699219,4307.184970855713,-4247.448791503906,-4264.08415222168,4819.440895080566,-4902.981018066406,-4919.616271972656,4190.885585784912,-4293.523300170898,-4310.158615112305,4705.462032318115,-4911.000823974609,-4927.636077880859,4615.244766235352,-4922.955062866211,-4939.590347290039,4921.136203765869,-4880.10563659668,-4896.740905761719,4526.57506942749,-4552.167053222656,-4568.802337646484,3681.7023315429688,-3628.591079711914,-3645.226547241211,3950.5098571777344,-4076.67041015625,-4093.3057861328125,4352.915199279785,-4501.493316650391,-4518.128646850586,4648.116298675537,-4721.7847900390625,-4738.420074462891,4316.289470672607,-4288.863754272461,-4305.499114990234,4127.1901512146,-4185.622650146484,-4202.258026123047,4285.3900146484375,-4205.683029174805,-4222.318420410156,4463.387016296387,-4581.814376831055,-4598.449676513672,3998.2090492248535,-4123.70426940918,-4140.339614868164,5017.817050933838,-5002.467041015625,-5019.102294921875
21,21,2024-11-18 12:09:16.964582,0.0001,4428.216275787354,-4499.873864746094,-4516.509205627442,0.8708371438086033,2.0932847946882247,4466.65417098999,-4668.532867431641,-4685.168167114258,4663.268974304199,-4744.809234619141,-4761.444519042969,4549.876735687256,-4562.833236694336,-4579.468551635742,4304.55810546875,-4248.337814331055,-4264.973175048828,4816.976978302002,-4906.192199707031,-4922.827453613281,4187.1770668029785,-4293.766677856445,-4310.401992797852,4701.690418243408,-4911.68994140625,-4928.3251953125,4609.664268493652,-4922.05403137207,-4938.689315795898,4919.7480392456055,-4881.088088989258,-4897.723358154297,4526.447448730469,-4552.130752563477,-4568.766036987305,3676.6370887756348,-3630.4537506103516,-3647.0892181396484,3946.2931594848633,-4075.315719604492,-4091.9510955810547,4355.324245452881,-4501.131866455078,-4517.767196655273,4646.26065826416,-4721.965423583984,-4738.6007080078125,4315.783977508545,-4289.286865234375,-4305.922225952148,4124.713409423828,-4184.83642578125,-4201.4718017578125,4283.90641784668,-4206.025192260742,-4222.660583496094,4461.419860839844,-4579.483306884766,-4596.118606567383,3995.806816101074,-4119.418045043945,-4136.05339050293,5012.117637634277,-4998.1260986328125,-5014.7613525390625
22,22,2024-11-18 12:38:49.622637,0.0001,4426.826519775391,-4500.898138427734,-4517.53344116211,0.8707720018923283,2.0837180472910406,4464.6377029418945,-4667.904144287109,-4684.539443969727,4664.094860076904,-4740.659622192383,-4757.294906616211,4550.643333435059,-4563.012924194336,-4579.648239135742,4306.647239685059,-4246.895797729492,-4263.531158447266,4813.083877563477,-4904.406005859375,-4921.041259765625,4187.068923950195,-4296.670593261719,-4313.305908203125,4699.4995193481445,-4905.732727050781,-4922.367980957031,4609.844730377197,-4920.895095825195,-4937.530380249023,4917.957221984863,-4882.580825805664,-4899.216094970703,4524.3635597229,-4557.55339050293,-4574.188674926758,3677.107391357422,-3633.834716796875,-3650.470184326172,3946.211166381836,-4079.180953979492,-4095.8163299560547,4349.995105743408,-4503.146789550781,-4519.782119750977,4642.6389808654785,-4719.759078979492,-4736.39436340332,4313.371276855469,-4291.369003295898,-4308.004364013672,4123.510971069336,-4191.692535400391,-4208.327911376953,4278.791347503662,-4208.383224487305,-4225.018615722656,4460.565097808838,-4580.031112670898,-4596.666412353516,3996.268623352051,-4125.561660766602,-4142.197006225586,5010.2294845581055,-4998.692321777344,-5015.327575683594
23,23,2024-11-18 13:08:17.949544,0.0001,4424.189394760132,-4500.972111511231,-4517.607415771485,0.8702773902565241,2.082618062570691,4458.750705718994,-4671.224349975586,-4687.859649658203,4654.677665710449,-4751.512771606445,-4768.148056030273,4546.495887756348,-4561.76481628418,-4578.400131225586,4302.625919342041,-4248.140533447266,-4264.775894165039,4811.077709197998,-4912.690704345703,-4929.325958251953,4183.165367126465,-4291.78450012207,-4308.419815063477,4700.292644500732,-4911.038757324219,-4927.674011230469,4607.743976593018,-4922.182067871094,-4938.817352294922,4915.691780090332,-4879.701614379883,-4896.336883544922,4524.356491088867,-4550.590972900391,-4567.226257324219,3673.912250518799,-3629.2823333740234,-3645.9178009033203,3945.759452819824,-4076.6366577148438,-4093.2720336914062,4344.891330718994,-4504.584320068359,-4521.219635009766,4641.391719818115,-4720.252731323242,-4736.88801574707,4309.4899978637695,-4289.004333496094,-4305.639694213867,4123.851207733154,-4187.327117919922,-4203.962493896484,4279.831031799316,-4206.817398071289,-4223.452789306641,4458.872753143311,-4579.940582275391,-4596.575881958008,3994.6058921813965,-4118.482177734375,-4135.117523193359,5006.304145812988,-5006.483428955078,-5023.118682861328
24,24,2024-11-18 13:37:30.170689,0.0001,4421.932841873169,-4500.331539916992,-4516.966886901855,0.8700384348630905,2.081932596489787,4456.55680847168,-4666.184799194336,-4682.820098876953,4654.10969543457,-4742.772003173828,-4759.407287597656,4545.279811859131,-4562.653533935547,-4579.288848876953,4300.480438232422,-4249.967987060547,-4266.60334777832,4810.769588470459,-4903.2276611328125,-4919.8629150390625,4181.5161781311035,-4293.741409301758,-4310.376724243164,4697.5700759887695,-4912.279479980469,-4928.914733886719,4600.643573760986,-4922.680206298828,-4939.315490722656,4916.923488616943,-4877.878799438477,-4894.514068603516,4520.502113342285,-4554.998428344727,-4571.633712768555,3669.8522567749023,-3631.6287689208984,-3648.2642364501953,3941.483169555664,-4077.954849243164,-4094.5902252197266,4342.672431945801,-4500.515670776367,-4517.150985717773,4641.240081787109,-4722.2841796875,-4738.919464111328,4310.401668548584,-4289.894470214844,-4306.529830932617,4119.9977951049805,-4184.544662475586,-4201.180038452148,4278.561363220215,-4206.488220214844,-4223.123611450195,4453.584342956543,-4578.670272827148,-4595.305572509766,3993.167037963867,-4130.108062744141,-4146.743408203125,5003.345039367676,-4998.157531738281,-5014.792785644531
25,25,2024-11-18 14:06:04.423792,0.0001,4420.415751647949,-4500.895370483398,-4517.530711364746,0.8698137301951647,2.078194312751293,4454.2666091918945,-4670.434631347656,-4687.069931030273,4651.190578460693,-4742.050567626953,-4758.685852050781,4541.502826690674,-4563.375076293945,-4580.010391235352,4299.686107635498,-4251.838775634766,-4268.474136352539,4806.027294158936,-4910.229217529297,-4926.864471435547,4180.883708953857,-4293.727874755859,-4310.363189697266,4696.681945800781,-4910.030517578125,-4926.665771484375,4603.064342498779,-4923.269302368164,-4939.904586791992,4914.244964599609,-4879.791564941406,-4896.426834106445,4522.241367340088,-4553.854827880859,-4570.4901123046875,3669.3803329467773,-3633.1638793945312,-3649.799346923828,3939.7554321289062,-4078.2893829345703,-4094.924758911133,4340.887992858887,-4498.802917480469,-4515.438247680664,4637.706699371338,-4722.195022583008,-4738.830307006836,4309.68798828125,-4291.064880371094,-4307.700241088867,4120.137222290039,-4188.192443847656,-4204.827819824219,4276.564186096191,-4208.9669189453125,-4225.602310180664,4455.970062255859,-4580.2952880859375,-4596.930587768555,3992.291877746582,-4117.515838623047,-4134.151184082031,4996.143417358398,-5000.8187255859375,-5017.4539794921875
26,26,2024-11-18 14:34:26.294923,0.0001,4418.305077362061,-4499.972317504883,-4516.607661437988,0.869796747341752,2.076240113377571,4453.955402374268,-4670.0672607421875,-4686.702560424805,4649.049648284912,-4749.363739013672,-4765.9990234375,4540.864353179932,-4562.533767700195,-4579.169082641602,4299.35041809082,-4249.829696655273,-4266.465057373047,4804.37349319458,-4905.643707275391,-4922.278961181641,4178.263313293457,-4290.367279052734,-4307.002593994141,4696.7915115356445,-4909.926849365234,-4926.562103271484,4599.496120452881,-4922.349838256836,-4938.985122680664,4912.630664825439,-4878.02409362793,-4894.659362792969,4516.630825042725,-4553.441711425781,-4570.076995849609,3669.10693359375,-3631.346145629883,-3647.9816131591797,3937.2432556152344,-4073.2587890625,-4089.8941650390625,4334.948757171631,-4500.620697021484,-4517.256011962891,4637.172882080078,-4720.632553100586,-4737.267837524414,4309.858226776123,-4290.444915771484,-4307.080276489258,4117.562976837158,-4184.829940795898,-4201.465316772461,4276.049297332764,-4207.603851318359,-4224.239242553711,4446.542854309082,-4579.234039306641,-4595.869338989258,3991.3682823181152,-4123.079681396484,-4139.715026855469,4994.842311859131,-4996.8480224609375,-5013.4832763671875
27,27,2024-11-18 15:02:37.777487,0.0001,4415.502821731568,-4500.322019958496,-4516.95735168457,0.8695616390556097,2.0753894872963428,4450.687442779541,-4670.366561889648,-4687.001861572266,4644.602920532227,-4744.952056884766,-4761.587341308594,4538.750461578369,-4562.853073120117,-4579.488388061523,4295.9385986328125,-4253.587066650391,-4270.222427368164,4797.712169647217,-4905.685577392578,-4922.320831298828,4179.626350402832,-4288.361434936523,-4304.99674987793,4691.156253814697,-4912.698181152344,-4929.333435058594,4599.156944274902,-4920.544692993164,-4937.179977416992,4911.924102783203,-4880.022125244141,-4896.65739440918,4515.901020050049,-4553.271682739258,-4569.906967163086,3666.173854827881,-3632.880096435547,-3649.5155639648438,3932.061695098877,-4072.532745361328,-4089.1681213378906,4331.338958740234,-4501.563385009766,-4518.198715209961,4634.185985565186,-4722.218811035156,-4738.854095458984,4303.846179962158,-4292.462905883789,-4309.0982666015625,4114.455352783203,-4183.91015625,-4200.5455322265625,4272.857452392578,-4206.352600097656,-4222.987991333008,4449.485740661621,-4578.8795166015625,-4595.51481628418,3988.71236038208,-4119.269088745117,-4135.904434204102,4991.482471466064,-5004.028594970703,-5020.663848876953
28,28,2024-11-18 15:30:35.469134,0.0001,4413.680073928833,-4500.632746887207,-4517.268034362793,0.8690080959349871,2.07540692910552,4447.302928924561,-4668.231918334961,-4684.867218017578,4641.049053192139,-4743.22314453125,-4759.858428955078,4532.487495422363,-4563.763473510742,-4580.398788452148,4294.832080841064,-4251.787658691406,-4268.42301940918,4797.675060272217,-4908.179412841797,-4924.814666748047,4176.617259979248,-4291.575531005859,-4308.210845947266,4689.219020843506,-4912.6947021484375,-4929.3299560546875,4597.171806335449,-4921.621368408203,-4938.256652832031,4909.829963684082,-4878.15022277832,-4894.785491943359,4516.007495880127,-4556.878829956055,-4573.514114379883,3663.327381134033,-3631.4258422851562,-3648.061309814453,3934.1901245117188,-4076.729446411133,-4093.3648223876953,4328.655784606934,-4501.167739868164,-4517.80305480957,4630.092121124268,-4723.631561279297,-4740.266845703125,4302.6272315979,-4288.93782043457,-4305.573181152344,4114.43590927124,-4186.658416748047,-4203.293792724609,4273.704536437988,-4203.945281982422,-4220.580673217773,4444.241661071777,-4580.13525390625,-4596.770553588867,3989.2208137512207,-4122.545516967773,-4139.180862426758,4990.913600921631,-5001.371429443359,-5018.006683349609
29,29,2024-11-18 15:58:27.271503,0.0001,4411.8102355957035,-4501.214543151856,-4517.849899291992,0.8686398506164551,2.065224069356918,4442.245208740234,-4674.886917114258,-4691.522216796875,4637.800857543945,-4749.49543762207,-4766.130722045898,4535.827697753906,-4564.918518066406,-4581.5538330078125,4292.541500091553,-4253.261688232422,-4269.897048950195,4792.732566833496,-4908.288269042969,-4924.923522949219,4174.698490142822,-4287.782531738281,-4304.4178466796875,4689.347843170166,-4912.302734375,-4928.93798828125,4593.729537963867,-4923.467529296875,-4940.102813720703,4907.940956115723,-4877.830337524414,-4894.465606689453,4512.014461517334,-4554.049087524414,-4570.684356689453,3666.195510864258,-3631.7740478515625,-3648.4095153808594,3930.370216369629,-4073.019271850586,-4089.6546478271484,4325.137153625488,-4502.508071899414,-4519.14338684082,4630.256278991699,-4721.624420166016,-4738.259704589844,4298.905006408691,-4289.619186401367,-4306.254547119141,4117.465347290039,-4186.406295776367,-4203.04167175293,4270.9964027404785,-4207.449142456055,-4224.084533691406,4446.937389373779,-4578.340835571289,-4594.976135253906,3987.377727508545,-4120.05305480957,-4136.688400268555,4983.684631347656,-5007.213897705078,-5023.849151611328
30,30,2024-11-18 16:26:22.857784,0.0001,4410.772902679443,-4499.9617919921875,-4516.597087097168,0.8687022399157286,2.0658971734344957,4442.304203033447,-4673.832321166992,-4690.467620849609,4638.616195678711,-4748.101638793945,-4764.736923217773,4532.581695556641,-4562.408843994141,-4579.044158935547,4291.838882446289,-4253.740936279297,-4270.37629699707,4791.455024719238,-4909.1212158203125,-4925.7564697265625,4175.237022399902,-4287.475173950195,-4304.110488891602,4688.35657119751,-4913.261871337891,-4929.897125244141,4593.278762817383,-4920.868057250977,-4937.503341674805,4908.971527099609,-4879.493255615234,-4896.128524780273,4511.546070098877,-4548.970260620117,-4565.605545043945,3664.129325866699,-3629.4058227539062,-3646.041290283203,3929.691791534424,-4073.397415161133,-4090.0327911376953,4325.8069496154785,-4504.365814208984,-4521.001129150391,4630.830593109131,-4719.72477722168,-4736.360061645508,4300.499759674072,-4285.362228393555,-4301.997589111328,4112.693809509277,-4182.06672668457,-4198.702102661133,4267.564777374268,-4205.2154541015625,-4221.850845336914,4440.319362640381,-4574.448684692383,-4591.083984375,3988.726001739502,-4123.6890869140625,-4140.324432373047,4981.009662628174,-5004.285888671875,-5020.921142578125
31,31,2024-11-18 16:55:54.329944,0.0001,4408.871765136719,-4501.885948181152,-4518.521270751953,0.8678801659494638,2.057408360391855,4439.783248901367,-4670.279510498047,-4686.914810180664,4635.55562210083,-4746.764205932617,-4763.399490356445,4530.461669921875,-4567.073776245117,-4583.709091186523,4288.11275100708,-4249.425079345703,-4266.060440063477,4787.619560241699,-4909.210906982422,-4925.846160888672,4173.156196594238,-4294.908950805664,-4311.54426574707,4685.074905395508,-4910.641540527344,-4927.276794433594,4593.04944229126,-4922.775939941406,-4939.411224365234,4907.8711013793945,-4880.34342956543,-4896.978698730469,4512.22008895874,-4562.869857788086,-4579.505126953125,3661.7611694335938,-3633.4854431152344,-3650.1209106445312,3929.2155227661133,-4078.616241455078,-4095.2516174316406,4322.816925048828,-4501.18408203125,-4517.819412231445,4625.924591064453,-4723.5860595703125,-4740.221343994141,4297.104778289795,-4292.862213134766,-4309.497573852539,4112.313259124756,-4184.0504150390625,-4200.685791015625,4268.17805480957,-4205.036682128906,-4221.672073364258,4443.613059997559,-4578.883651733398,-4595.518951416016,3987.013515472412,-4123.513732910156,-4140.149078369141,4976.589889526367,-5002.2071533203125,-5018.8424072265625
32,32,2024-11-18 17:24:19.549124,0.0001,4406.837768173218,-4501.6682052612305,-4518.303527832031,0.8677853055298328,2.0492799203842877,4437.763656616211,-4674.8232421875,-4691.458541870117,4632.8166847229,-4747.574295043945,-4764.209579467773,4531.415195465088,-4563.90739440918,-4580.542709350586,4286.982883453369,-4248.614028930664,-4265.2493896484375,4782.644947052002,-4911.315612792969,-4927.950866699219,4171.061519622803,-4291.492630004883,-4308.127944946289,4683.133186340332,-4909.456237792969,-4926.091491699219,4586.837535858154,-4926.450653076172,-4943.0859375,4906.1642990112305,-4881.63410949707,-4898.269378662109,4507.9149169921875,-4554.915588378906,-4571.550872802734,3662.081443786621,-3630.0191650390625,-3646.6546325683594,3927.5689125061035,-4076.743698120117,-4093.3790740966797,4319.53971862793,-4506.415222167969,-4523.050537109375,4625.7413330078125,-4721.621994018555,-4738.257278442383,4295.627300262451,-4291.295104980469,-4307.930465698242,4113.4983558654785,-4186.672012329102,-4203.307388305664,4269.113300323486,-4206.221618652344,-4222.857009887695,4438.2689781188965,-4577.98095703125,-4594.616256713867,3988.3325996398926,-4119.828308105469,-4136.463668823242,4970.248508453369,-5006.382171630859,-5023.017425537109
33,33,2024-11-18 17:52:26.529492,0.0001,4405.280128860473,-4501.025828552246,-4517.661122131348,0.8678096111863851,2.048129167407751,4440.255706787109,-4676.405838012695,-4693.0411376953125,4630.466983795166,-4750.836151123047,-4767.471435546875,4525.767826080322,-4561.720565795898,-4578.355880737305,4286.645580291748,-4251.626937866211,-4268.262298583984,4777.86990737915,-4909.959259033203,-4926.594512939453,4170.479259490967,-4288.945938110352,-4305.581253051758,4682.8801193237305,-4914.796325683594,-4931.431579589844,4588.719821929932,-4919.979888916016,-4936.615173339844,4903.463092803955,-4877.451126098633,-4894.086395263672,4508.636806488037,-4555.301544189453,-4571.936828613281,3660.626739501953,-3628.0228118896484,-3644.6582794189453,3925.443115234375,-4072.0723876953125,-4088.707763671875,4315.066074371338,-4507.476531982422,-4524.111846923828,4624.482204437256,-4721.208404541016,-4737.843688964844,4295.255264282227,-4286.172119140625,-4302.807479858398,4113.81755065918,-4186.824325561523,-4203.459701538086,4264.046836853027,-4207.002593994141,-4223.637985229492,4436.049503326416,-4575.938430786133,-4592.57373046875,3984.4990882873535,-4124.257293701172,-4140.892639160156,4971.131217956543,-5004.517883300781,-5021.153137207031
34,34,2024-11-18 18:21:31.340776,0.0001,4404.224925994873,-4503.22469329834,-4519.860012817383,0.8666685946285725,2.032084918022156,4434.242744445801,-4671.261291503906,-4687.896591186523,4629.961376190186,-4747.798233032227,-4764.433517456055,4528.289695739746,-4562.378692626953,-4579.014007568359,4285.055770874023,-4255.144287109375,-4271.779647827148,4777.606227874756,-4911.092468261719,-4927.727722167969,4169.9953956604,-4291.702911376953,-4308.338226318359,4682.698135375977,-4915.5601806640625,-4932.1954345703125,4585.430633544922,-4923.583572387695,-4940.218856811523,4904.164363861084,-4882.840362548828,-4899.475631713867,4509.389350891113,-4565.61311340332,-4582.248382568359,3655.58695602417,-3636.331741333008,-3652.9672088623047,3927.1948204040527,-4078.9393005371094,-4095.574676513672,4312.60054397583,-4502.589813232422,-4519.225143432617,4625.570343017578,-4726.408615112305,-4743.043899536133,4294.928356170654,-4291.908828735352,-4308.544189453125,4109.558723449707,-4192.9952392578125,-4209.630615234375,4266.050514221191,-4202.656234741211,-4219.2916259765625,4438.394008636475,-4584.434066772461,-4601.069366455078,3984.6233139038086,-4123.435043334961,-4140.070388793945,4963.157314300537,-4997.819732666016,-5014.454986572266
35,35,2024-11-18 18:49:34.189954,0.0001,4402.396000289917,-4501.513598632812,-4518.148931884765,0.8674475684762001,2.0507187925279142,4434.117923736572,-4673.270965576172,-4689.906265258789,4628.696617126465,-4749.870330810547,-4766.505615234375,4526.263526916504,-4563.891708374023,-4580.52702331543,4283.61194229126,-4253.593292236328,-4270.228652954102,4775.663059234619,-4908.2835693359375,-4924.9188232421875,4167.0699462890625,-4292.297988891602,-4308.933303833008,4680.213130950928,-4916.843658447266,-4933.478912353516,4585.429862976074,-4923.752288818359,-4940.3875732421875,4902.910488128662,-4880.601821899414,-4897.237091064453,4504.942558288574,-4560.092041015625,-4576.727325439453,3659.2050170898438,-3629.6373138427734,-3646.2727813720703,3922.2808570861816,-4075.1463470458984,-4091.781723022461,4309.972099304199,-4502.090637207031,-4518.7259521484375,4621.877593994141,-4723.236572265625,-4739.871856689453,4290.13752746582,-4287.715667724609,-4304.351028442383,4106.417774200439,-4187.101638793945,-4203.737014770508,4265.233688354492,-4202.960662841797,-4219.596054077148,4437.607452392578,-4576.023712158203,-4592.65901184082,3982.5464210510254,-4125.356414794922,-4141.991760253906,4963.722400665283,-4998.505523681641,-5015.140777587891
36,36,2024-11-18 19:21:07.499826,1e-05,4400.245474624634,-4502.310227966309,-4518.945544433594,0.8667267367243767,2.034660232812166,4432.287658691406,-4675.903381347656,-4692.538681030273,4624.798427581787,-4751.329437255859,-4767.9647216796875,4517.43196105957,-4563.250030517578,-4579.885345458984,4282.4881591796875,-4251.748352050781,-4268.383712768555,4771.755748748779,-4912.283660888672,-4928.918914794922,4171.171283721924,-4291.352340698242,-4307.987655639648,4675.666328430176,-4917.15869140625,-4933.7939453125,4585.006542205811,-4922.38037109375,-4939.015655517578,4899.987602233887,-4882.819473266602,-4899.454742431641,4504.470813751221,-4558.503707885742,-4575.13899230957,3655.140468597412,-3631.859375,-3648.494842529297,3922.408000946045,-4074.688461303711,-4091.3238372802734,4310.246181488037,-4508.8511962890625,-4525.486511230469,4623.149322509766,-4723.489730834961,-4740.125015258789,4291.269592285156,-4290.245040893555,-4306.880401611328,4107.411567687988,-4187.802505493164,-4204.437881469727,4262.509712219238,-4203.3038330078125,-4219.939224243164,4432.161270141602,-4577.515396118164,-4594.150695800781,3979.9750175476074,-4121.203582763672,-4137.838928222656,4955.573783874512,-5000.515899658203,-5017.151153564453
37,37,2024-11-18 19:52:43.244505,1e-05,4397.3362300872805,-4501.829873657227,-4518.465200805664,0.8667638245970011,2.04117666259408,4427.296848297119,-4677.013244628906,-4693.648544311523,4620.3354568481445,-4745.978424072266,-4762.613708496094,4515.505481719971,-4563.862976074219,-4580.498291015625,4280.495128631592,-4251.437774658203,-4268.073135375977,4766.1555099487305,-4916.277526855469,-4932.912780761719,4167.165798187256,-4289.461334228516,-4306.096649169922,4674.177173614502,-4917.175231933594,-4933.810485839844,4577.526699066162,-4922.963882446289,-4939.599166870117,4897.222194671631,-4880.700729370117,-4897.335998535156,4501.067760467529,-4553.394195556641,-4570.029479980469,3652.6473655700684,-3632.3882446289062,-3649.023712158203,3920.683204650879,-4074.4893951416016,-4091.124771118164,4306.985622406006,-4506.851455688477,-4523.486785888672,4618.199817657471,-4723.00764465332,-4739.642929077148,4289.386451721191,-4290.105606079102,-4306.740966796875,4104.692638397217,-4188.066589355469,-4204.701965332031,4262.080211639404,-4205.946731567383,-4222.582122802734,4431.325370788574,-4575.811676025391,-4592.446975708008,3978.9139556884766,-4120.553283691406,-4137.188629150391,4954.861965179443,-5001.111541748047,-5017.746795654297
38,38,2024-11-18 20:24:36.607817,1e-05,4397.325905609131,-4502.006048583984,-4518.641354370117,0.866735078766942,2.0400663800537586,4424.2142333984375,-4676.320419311523,-4692.955718994141,4619.12752532959,-4746.697158813477,-4763.332443237305,4517.456554412842,-4562.542678833008,-4579.177993774414,4279.320510864258,-4252.276565551758,-4268.911926269531,4768.421539306641,-4917.565185546875,-4934.200439453125,4165.035762786865,-4288.401519775391,-4305.036834716797,4671.572010040283,-4916.554412841797,-4933.189666748047,4583.562511444092,-4921.111892700195,-4937.747177124023,4898.331726074219,-4882.902114868164,-4899.537384033203,4498.905418395996,-4559.842544555664,-4576.477828979492,3653.752212524414,-3629.9666137695312,-3646.602081298828,3921.4942779541016,-4074.193817138672,-4090.8291931152344,4304.698871612549,-4505.632354736328,-4522.267669677734,4619.201248168945,-4723.2794189453125,-4739.914703369141,4292.169494628906,-4290.72087097168,-4307.356231689453,4103.320796966553,-4189.296844482422,-4205.932220458984,4261.493175506592,-4201.180114746094,-4217.815505981445,4430.376808166504,-4576.959915161133,-4593.59521484375,3979.9447326660156,-4122.430618286133,-4139.065963745117,4954.118713378906,-5002.245849609375,-5018.881103515625
39,39,2024-11-18 20:54:31.999730,1e-05,4396.2260181427,-4503.376216125488,-4520.011517333985,0.8664133876562119,2.038908490166068,4422.575958251953,-4678.565902709961,-4695.201202392578,4621.347057342529,-4751.665100097656,-4768.300384521484,4519.861915588379,-4564.502136230469,-4581.137451171875,4281.45263671875,-4254.666351318359,-4271.301712036133,4761.3990478515625,-4917.3492431640625,-4933.9844970703125,4166.682567596436,-4289.8514404296875,-4306.486755371094,4673.042610168457,-4919.542053222656,-4936.177307128906,4580.598957061768,-4922.818862915039,-4939.454147338867,4897.499931335449,-4882.882354736328,-4899.517623901367,4499.66019821167,-4559.886932373047,-4576.522216796875,3652.7594680786133,-3629.4265899658203,-3646.062057495117,3920.931255340576,-4073.500991821289,-4090.1363677978516,4305.495826721191,-4510.3739013671875,-4527.009216308594,4617.8054275512695,-4722.386383056641,-4739.021667480469,4284.281574249268,-4290.182144165039,-4306.8175048828125,4102.148513793945,-4187.932998657227,-4204.568374633789,4259.107421875,-4204.430511474609,-4221.065902709961,4428.41930770874,-4576.255310058594,-4592.890609741211,3978.1285285949707,-4123.930252075195,-4140.56559753418,4951.322296142578,-5007.374755859375,-5024.010009765625
40,40,2024-11-18 21:23:48.875751,1e-05,4396.571610641479,-4502.036474609375,-4518.671800231934,0.8666723623871804,2.038023855537176,4425.93843460083,-4678.740982055664,-4695.376281738281,4617.871898651123,-4752.407684326172,-4769.04296875,4517.0522537231445,-4562.268051147461,-4578.903366088867,4275.911121368408,-4252.526275634766,-4269.161636352539,4764.248859405518,-4913.106262207031,-4929.741516113281,4165.973011016846,-4289.318252563477,-4305.953567504883,4672.951313018799,-4917.639831542969,-4934.275085449219,4580.915054321289,-4921.645980834961,-4938.281265258789,4897.676963806152,-4882.1387939453125,-4898.774063110352,4502.364440917969,-4552.998565673828,-4569.633850097656,3653.595054626465,-3629.0138397216797,-3645.6493072509766,3919.6675033569336,-4073.2139434814453,-4089.849319458008,4305.212635040283,-4508.081939697266,-4524.717254638672,4619.533306121826,-4721.285415649414,-4737.920700073242,4286.478404998779,-4291.03840637207,-4307.673767089844,4105.542461395264,-4188.582611083984,-4205.217987060547,4258.101539611816,-4205.756637573242,-4222.392028808594,4428.697639465332,-4573.972305297852,-4590.607604980469,3977.6807746887207,-4122.526992797852,-4139.162338256836,4956.019306182861,-5004.466888427734,-5021.102142333984
41,41,2024-11-18 21:51:50.506715,1e-05,4395.845862197876,-4501.496249389648,-4518.131562805176,0.8667765378952026,2.04132361933589,4425.814361572266,-4678.045913696289,-4694.681213378906,4615.9382247924805,-4754.4776611328125,-4771.112945556641,4516.783885955811,-4562.324676513672,-4578.959991455078,4278.481761932373,-4252.436325073242,-4269.071685791016,4761.82292175293,-4913.971893310547,-4930.607147216797,4167.049446105957,-4287.322998046875,-4303.958312988281,4671.351501464844,-4915.925079345703,-4932.560333251953,4580.005500793457,-4920.71907043457,-4937.354354858398,4896.375545501709,-4880.609664916992,-4897.244934082031,4498.55948638916,-4555.816131591797,-4572.451416015625,3651.784637451172,-3628.1712646484375,-3644.8067321777344,3922.4828338623047,-4072.5448455810547,-4089.180221557617,4302.425445556641,-4509.349380493164,-4525.984710693359,4618.8833656311035,-4723.286849975586,-4739.922134399414,4287.950881958008,-4288.752700805664,-4305.3880615234375,4103.955543518066,-4187.2261962890625,-4203.861572265625,4259.796524047852,-4200.8944091796875,-4217.529800415039,4429.48779296875,-4575.412948608398,-4592.048248291016,3975.772975921631,-4120.610458374023,-4137.245803833008,4952.194427490234,-5002.026550292969,-5018.661804199219
42,42,2024-11-18 22:19:43.475778,1.0000000000000002e-06,4396.091397857666,-4502.6342102050785,-4519.269522094726,0.8663755021989346,2.0316037692129614,4423.113731384277,-4678.069549560547,-4694.704849243164,4619.834735870361,-4748.972274780273,-4765.607559204102,4518.189434051514,-4565.621826171875,-4582.257141113281,4277.255870819092,-4253.824920654297,-4270.46028137207,4764.408126831055,-4911.734558105469,-4928.369812011719,4162.970634460449,-4291.212997436523,-4307.84831237793,4670.355842590332,-4916.5106201171875,-4933.1458740234375,4578.160179138184,-4922.252990722656,-4938.888275146484,4895.147937774658,-4880.005508422852,-4896.640777587891,4503.479568481445,-4563.418930053711,-4580.054214477539,3653.778606414795,-3631.735885620117,-3648.371353149414,3920.2277030944824,-4072.9756927490234,-4089.611068725586,4304.098278045654,-4503.3690185546875,-4520.004333496094,4616.326881408691,-4722.877105712891,-4739.512390136719,4284.542175292969,-4291.8790283203125,-4308.514389038086,4104.888221740723,-4190.467544555664,-4207.102920532227,4258.108474731445,-4205.276062011719,-4221.91145324707,4433.091724395752,-4578.356674194336,-4594.991973876953,3980.3305473327637,-4124.385177612305,-4141.020523071289,4953.519302368164,-4999.737731933594,-5016.372985839844
43,43,2024-11-18 22:48:06.120669,1.0000000000000002e-06,4395.457536697388,-4501.824710083008,-4518.460012817382,0.8665314476937056,2.0378273088485,4422.640464782715,-4676.195846557617,-4692.831146240234,4618.846775054932,-4747.566070556641,-4764.201354980469,4514.262237548828,-4564.009994506836,-4580.645309448242,4276.831638336182,-4252.379669189453,-4269.015029907227,4763.00159072876,-4918.098449707031,-4934.733703613281,4166.593563079834,-4288.903564453125,-4305.538879394531,4672.345790863037,-4913.589019775391,-4930.224273681641,4578.781814575195,-4921.991348266602,-4938.62663269043,4896.332553863525,-4879.843276977539,-4896.478546142578,4499.9589920043945,-4556.913955688477,-4573.549240112305,3651.3659439086914,-3629.6516876220703,-3646.287155151367,3920.0451278686523,-4073.727310180664,-4090.3626861572266,4301.036502838135,-4507.896560668945,-4524.531875610352,4616.018608093262,-4723.84635925293,-4740.481643676758,4285.646392822266,-4290.717437744141,-4307.352798461914,4103.726936340332,-4189.3096923828125,-4205.945068359375,4259.53063583374,-4203.6561279296875,-4220.291519165039,4430.3546142578125,-4576.00146484375,-4592.636764526367,3977.8118324279785,-4121.351333618164,-4137.986679077148,4954.018508911133,-5000.844696044922,-5017.479949951172
44,44,2024-11-18 23:18:42.232971,1.0000000000000002e-06,4395.078559494019,-4501.236073303223,-4517.871408081055,0.8669125109910965,2.0410518530756234,4421.263862609863,-4678.823043823242,-4695.458343505859,4619.301979064941,-4750.185562133789,-4766.820846557617,4517.468162536621,-4562.578186035156,-4579.2135009765625,4274.846649169922,-4253.763946533203,-4270.399307250977,4764.107227325439,-4915.806396484375,-4932.441650390625,4163.415000915527,-4289.484222412109,-4306.119537353516,4671.417839050293,-4916.812469482422,-4933.447723388672,4578.6836585998535,-4922.17350769043,-4938.808792114258,4896.17448425293,-4880.866317749023,-4897.5015869140625,4500.01252746582,-4550.917098999023,-4567.552383422852,3655.0146827697754,-3630.3513793945312,-3646.986846923828,3917.7308769226074,-4073.8893280029297,-4090.524703979492,4303.9566650390625,-4506.692337036133,-4523.327651977539,4617.290245056152,-4721.238739013672,-4737.8740234375,4284.563175201416,-4288.709625244141,-4305.344985961914,4102.372295379639,-4185.708236694336,-4202.343612670898,4256.830833435059,-4202.037841796875,-4218.673233032227,4428.596645355225,-4575.821594238281,-4592.456893920898,3976.729606628418,-4120.115768432617,-4136.751113891602,4951.794738769531,-4998.745880126953,-5015.381134033203
45,45,2024-11-18 23:49:07.811278,1.0000000000000002e-06,4395.193812561035,-4501.49256439209,-4518.127905273437,0.8666703578084707,2.0414690427482127,4424.377670288086,-4681.271026611328,-4697.906326293945,4618.309810638428,-4747.518325805664,-4764.153610229492,4518.1820640563965,-4561.958740234375,-4578.594055175781,4277.866733551025,-4251.248672485352,-4267.884033203125,4760.683826446533,-4912.033874511719,-4928.669128417969,4164.000675201416,-4288.052185058594,-4304.6875,4672.602493286133,-4917.085723876953,-4933.720977783203,4578.023101806641,-4924.210601806641,-4940.845886230469,4895.864395141602,-4880.064834594727,-4896.700103759766,4498.807014465332,-4559.472564697266,-4576.107849121094,3650.06941986084,-3629.432098388672,-3646.0675659179688,3918.743869781494,-4073.4176635742188,-4090.0530395507812,4301.955520629883,-4502.117691040039,-4518.753005981445,4615.682273864746,-4721.880096435547,-4738.515380859375,4287.295913696289,-4292.23371887207,-4308.869079589844,4107.498798370361,-4187.168563842773,-4203.803939819336,4258.562175750732,-4203.726303100586,-4220.3616943359375,4426.390762329102,-4574.6688232421875,-4591.304122924805,3976.570659637451,-4120.380722045898,-4137.016082763672,4952.389183044434,-5001.909271240234,-5018.544525146484
46,46,2024-11-19 00:23:05.878239,1.0000000000000002e-06,4394.9412490844725,-4503.106640625,-4519.741954040527,0.866256583109498,2.0323661915957927,4423.460479736328,-4679.399551391602,-4696.034851074219,4615.746139526367,-4751.534530639648,-4768.169815063477,4515.761276245117,-4564.347839355469,-4580.983154296875,4274.982250213623,-4255.338684082031,-4271.974044799805,4760.922714233398,-4918.073913574219,-4934.709167480469,4164.6135902404785,-4291.049377441406,-4307.6846923828125,4669.785415649414,-4918.1146240234375,-4934.7498779296875,4582.088840484619,-4923.439758300781,-4940.075042724609,4895.611343383789,-4880.255386352539,-4896.890655517578,4499.447776794434,-4557.250152587891,-4573.885437011719,3652.771167755127,-3631.931350708008,-3648.5668182373047,3917.671672821045,-4073.8995056152344,-4090.534881591797,4301.614845275879,-4509.730941772461,-4526.366256713867,4615.770130157471,-4723.115447998047,-4739.750732421875,4285.1743812561035,-4293.276321411133,-4309.911682128906,4106.205909729004,-4188.80908203125,-4205.4444580078125,4258.376533508301,-4204.907608032227,-4221.542999267578,4429.192817687988,-4575.483901977539,-4592.119201660156,3974.829029083252,-4117.6314697265625,-4134.266815185547,4954.798774719238,-5004.543243408203,-5021.178497314453
47,47,2024-11-19 00:55:24.422310,1.0000000000000002e-06,4395.270005035401,-4501.648832702636,-4518.284089660645,0.8668535057455301,2.0399184446781873,4422.224197387695,-4680.865951538086,-4697.501251220703,4616.633987426758,-4750.122543334961,-4766.757827758789,4515.941619873047,-4563.272354125977,-4579.907669067383,4275.4684410095215,-4253.654006958008,-4270.289367675781,4761.679370880127,-4916.239898681641,-4932.875152587891,4164.910217285156,-4289.3309326171875,-4305.966247558594,4673.776142120361,-4913.814453125,-4930.44970703125,4580.863887786865,-4922.483245849609,-4939.1185302734375,4896.4052734375,-4880.836685180664,-4897.471954345703,4499.987648010254,-4555.200439453125,-4571.835723876953,3651.454448699951,-3627.3555603027344,-3643.9910278320312,3918.413158416748,-4072.855010986328,-4089.4903869628906,4303.067356109619,-4503.840728759766,-4520.476043701172,4617.789657592773,-4723.134841918945,-4739.770126342773,4285.0482749938965,-4287.266647338867,-4303.902008056641,4106.668354034424,-4186.94694519043,-4203.582321166992,4257.180000305176,-4205.236038208008,-4221.871429443359,4429.556793212891,-4578.084777832031,-4594.720077514648,3978.1795349121094,-4121.073638916016,-4137.708984375,4950.151786804199,-5001.361358642578,-5017.996612548828
48,48,2024-11-19 01:23:25.215494,1.0000000000000002e-07,4394.64599685669,-4502.759550476074,-4519.3948425292965,0.866326916590333,2.0369747679680588,4421.93452835083,-4676.482711791992,-4693.118011474609,4614.444671630859,-4749.356643676758,-4765.991928100586,4516.0647315979,-4563.910018920898,-4580.545333862305,4277.611595153809,-4255.142349243164,-4271.7777099609375,4760.948642730713,-4916.802001953125,-4933.437255859375,4165.047325134277,-4290.362594604492,-4306.997909545898,4670.5227699279785,-4917.175201416016,-4933.810455322266,4577.094352722168,-4921.763336181641,-4938.398620605469,4896.329456329346,-4883.249893188477,-4899.885162353516,4499.964008331299,-4560.394287109375,-4577.029571533203,3649.88370513916,-3629.5789642333984,-3646.2144317626953,3917.4708099365234,-4074.047637939453,-4090.6830139160156,4302.475166320801,-4507.334686279297,-4523.970001220703,4618.1298751831055,-4723.695068359375,-4740.330352783203,4285.376358032227,-4291.723052978516,-4308.358413696289,4107.085422515869,-4190.428771972656,-4207.064147949219,4257.3261642456055,-4204.117828369141,-4220.753219604492,4425.115936279297,-4576.321533203125,-4592.956832885742,3977.471332550049,-4122.250625610352,-4138.885971069336,4952.623218536377,-5001.0535888671875,-5017.6888427734375
