Columna1,epoch,timestamp,learning_rate,loss,validation_IG,validation_LL,validation_AUC,validation_NSS,train_loss_Action,val_ig_Action,val_ll_Action,train_loss_Affective,val_ig_Affective,val_ll_Affective,train_loss_Art,val_ig_Art,val_ll_Art,train_loss_BlackWhite,val_ig_BlackWhite,val_ll_BlackWhite,train_loss_Cartoon,val_ig_Cartoon,val_ll_Cartoon,train_loss_Fractal,val_ig_Fractal,val_ll_Fractal,train_loss_Indoor,val_ig_Indoor,val_ll_Indoor,train_loss_Inverted,val_ig_Inverted,val_ll_Inverted,train_loss_Jumbled,val_ig_Jumbled,val_ll_Jumbled,train_loss_LineDrawing,val_ig_LineDrawing,val_ll_LineDrawing,train_loss_LowResolution,val_ig_LowResolution,val_ll_LowResolution,train_loss_Noisy,val_ig_Noisy,val_ll_Noisy,train_loss_Object,val_ig_Object,val_ll_Object,train_loss_OutdoorManMade,val_ig_OutdoorManMade,val_ll_OutdoorManMade,train_loss_OutdoorNatural,val_ig_OutdoorNatural,val_ll_OutdoorNatural,train_loss_Pattern,val_ig_Pattern,val_ll_Pattern,train_loss_Random,val_ig_Random,val_ll_Random,train_loss_Satelite,val_ig_Satelite,val_ll_Satelite,train_loss_Sketch,val_ig_Sketch,val_ll_Sketch,train_loss_Social,val_ig_Social,val_ll_Social
1,1,45:48.3,0.0001,4540.164944,-4491.28803,-4507.924286,0.864693601,1.990131977,4699.08197,-4538.835266,-4555.471497,4844.415622,-4740.578101,-4757.214331,4602.578683,-4751.568494,-4768.204724,4412.038528,-4352.43894,-4369.075171,4856.530814,-5006.765137,-5023.401367,4335.402777,-4279.108618,-4295.744849,4781.301358,-4903.410864,-4920.047095,4742.024637,-4735.236133,-4751.872363,4969.364346,-4881.34856,-4897.98479,4586.441309,-4510.999939,-4527.636169,3721.956815,-3812.02605,-3828.66228,4016.648624,-4146.641943,-4163.278174,4498.542783,-4521.362842,-4537.999072,4754.292252,-4570.2505,-4586.886731,4388.993619,-4362.878894,-4379.515125,4213.882709,-4054.651367,-4071.287598,4418.682629,-4279.819653,-4296.455884,4624.213596,-4367.834766,-4384.470996,4137.945868,-4032.974792,-4049.611023,5198.959836,-4977.030127,-4993.666357
2,2,59:46.0,0.0001,4504.121724,-4484.532078,-4501.168311,0.867323045,2.023148727,4659.795251,-4533.998572,-4550.634802,4789.931433,-4730.497583,-4747.133813,4570.849408,-4747.319678,-4763.955908,4374.340192,-4350.051563,-4366.687793,4825.661716,-4996.90127,-5013.5375,4295.85629,-4276.452722,-4293.088953,4754.391687,-4896.342761,-4912.978992,4714.828021,-4731.056592,-4747.692822,4938.324237,-4873.102979,-4889.739209,4556.345224,-4505.568982,-4522.205212,3684.002872,-3806.929016,-3823.565247,3985.478391,-4141.117822,-4157.754053,4442.999023,-4509.414771,-4526.051001,4729.830637,-4566.325867,-4582.962097,4357.59122,-4358.941382,-4375.577612,4173.831894,-4048.119019,-4064.755249,4372.467426,-4266.682288,-4283.318518,4608.520789,-4364.694678,-4381.330908,4085.978656,-4019.483276,-4036.119507,5161.410068,-4967.640771,-4984.277002
3,3,13:44.5,0.0001,4496.513769,-4481.318375,-4497.954589,0.867727482,2.037271507,4647.978952,-4529.622961,-4546.259192,4779.575558,-4727.127966,-4743.764197,4563.271658,-4743.775012,-4760.411243,4368.406525,-4343.783105,-4360.419336,4816.597101,-4994.494092,-5011.130322,4288.896249,-4272.162964,-4288.799194,4747.224362,-4892.923389,-4909.559619,4709.533627,-4727.917651,-4744.553882,4931.544174,-4871.790369,-4888.426599,4551.64823,-4503.335754,-4519.971985,3679.111841,-3803.046985,-3819.683215,3979.703125,-4136.207397,-4152.843628,4434.411414,-4512.370337,-4529.006567,4721.866315,-4563.548914,-4580.185144,4350.072821,-4353.109473,-4369.745703,4168.993878,-4049.021265,-4065.657495,4361.739194,-4262.116785,-4278.753015,4602.868564,-4357.776501,-4374.412732,4076.483444,-4017.822107,-4034.458337,5150.348349,-4964.414258,-4981.050488
4,4,27:33.0,0.0001,4491.71288,-4479.281589,-4495.917823,0.869060198,2.05017985,4644.741882,-4525.813818,-4542.450049,4774.759662,-4723.833228,-4740.469458,4558.434073,-4742.478711,-4759.114941,4362.12309,-4340.621985,-4357.258215,4811.237064,-4988.194897,-5004.831128,4286.757321,-4270.411035,-4287.047266,4740.914734,-4890.89834,-4907.53457,4704.320114,-4726.412451,-4743.048682,4926.492688,-4869.059058,-4885.695288,4544.879071,-4502.340576,-4518.976807,3676.023306,-3803.284436,-3819.920667,3976.10271,-4138.241748,-4154.877979,4428.456845,-4510.041064,-4526.677295,4718.366602,-4561.498035,-4578.134265,4347.149176,-4348.758167,-4365.394397,4163.940582,-4047.88656,-4064.522791,4357.029538,-4260.325842,-4276.962073,4599.745343,-4356.990735,-4373.626965,4069.793411,-4014.812903,-4031.449133,5142.990375,-4963.728271,-4980.364502
5,5,41:11.9,0.0001,4486.792243,-4479.398876,-4496.035088,0.86868645,2.047974124,4638.655997,-4529.549939,-4546.186169,4766.419147,-4726.147986,-4742.784216,4553.128391,-4743.938135,-4760.574365,4357.657825,-4343.304077,-4359.940308,4806.85957,-4989.568311,-5006.204541,4283.399442,-4269.004358,-4285.640588,4737.545026,-4893.138098,-4909.774329,4698.535318,-4723.041431,-4739.677661,4924.333578,-4872.192004,-4888.828235,4542.958282,-4498.716699,-4515.35293,3670.788077,-3798.900879,-3815.537109,3972.407153,-4135.676697,-4152.312927,4421.095016,-4509.840796,-4526.477026,4714.78042,-4561.82323,-4578.45946,4344.67323,-4353.625085,-4370.261316,4158.927362,-4045.609619,-4062.24585,4350.64473,-4259.994812,-4276.631042,4593.700323,-4358.225293,-4374.861523,4065.915207,-4013.072998,-4029.709229,5133.420804,-4962.606909,-4979.24314
6,6,54:26.1,0.0001,4483.091705,-4477.304784,-4493.941024,0.869122331,2.057798678,4632.516013,-4526.814868,-4543.451099,4759.205273,-4726.067407,-4742.703638,4552.228687,-4741.378894,-4758.015125,4353.830005,-4339.68606,-4356.32229,4803.498724,-4986.518555,-5003.154785,4279.303476,-4267.277234,-4283.913464,4733.902133,-4889.813098,-4906.449329,4696.648834,-4722.886304,-4739.522534,4921.60097,-4867.60686,-4884.243091,4540.973889,-4498.562451,-4515.198682,3665.505472,-3797.273474,-3813.909705,3971.159131,-4132.263989,-4148.90022,4416.282782,-4508.098853,-4524.735083,4708.532059,-4559.999695,-4576.635925,4339.821643,-4349.597693,-4366.233923,4157.117758,-4048.219983,-4064.856213,4347.037823,-4256.138586,-4272.774817,4592.860483,-4355.977368,-4372.613599,4060.935764,-4010.927161,-4027.563391,5128.873212,-4960.98728,-4977.623511
7,7,07:36.8,0.0001,4480.071558,-4477.33562,-4493.971846,0.869563389,2.060037574,4630.17977,-4526.121033,-4542.757263,4754.62912,-4726.903394,-4743.539624,4548.727499,-4742.843323,-4759.479553,4351.049323,-4343.171667,-4359.807898,4800.251736,-4986.739624,-5003.375854,4278.278033,-4267.531116,-4284.167346,4729.612518,-4891.124927,-4907.761157,4693.35578,-4725.553955,-4742.190186,4918.270267,-4870.415051,-4887.051282,4538.760867,-4496.074292,-4512.710522,3662.014661,-3795.08468,-3811.720911,3968.36673,-4132.358972,-4148.995203,4412.775717,-4506.311072,-4522.947302,4708.329459,-4560.302087,-4576.938318,4337.026642,-4350.430664,-4367.066895,4154.504449,-4045.159766,-4061.795996,4342.56521,-4258.979419,-4275.615649,4588.040497,-4356.872803,-4373.509033,4059.427219,-4005.730115,-4022.366345,5125.26553,-4959.004346,-4975.640576
8,8,20:48.6,0.0001,4476.81198,-4478.009403,-4494.645636,0.868804985,2.0548755,4625.28851,-4527.395166,-4544.031396,4748.515686,-4724.737231,-4741.373462,4545.346036,-4741.525208,-4758.161438,4346.957748,-4341.09696,-4357.733191,4794.275085,-4987.731201,-5004.367432,4276.639957,-4266.39989,-4283.036121,4728.515121,-4891.988843,-4908.625073,4690.48461,-4723.807251,-4740.443481,4915.951254,-4867.788623,-4884.424854,4537.496802,-4503.760706,-4520.396936,3659.251569,-3794.730249,-3811.366479,3966.030042,-4130.755005,-4147.391235,4411.680688,-4510.87229,-4527.508521,4706.126743,-4561.622754,-4578.258984,4331.520773,-4350.715967,-4367.352197,4151.835211,-4046.350562,-4062.986792,4338.773187,-4260.24928,-4276.88551,4586.16951,-4356.930798,-4373.567029,4057.523203,-4011.018494,-4027.654724,5117.857727,-4960.711694,-4977.347925
9,9,33:58.9,0.0001,4473.712757,-4476.896053,-4493.532302,0.869052147,2.059307919,4619.708261,-4523.864502,-4540.500732,4743.335529,-4723.019531,-4739.655762,4541.773868,-4740.251282,-4756.887512,4343.327106,-4340.638513,-4357.274744,4793.549698,-4987.536987,-5004.173218,4274.129382,-4264.973889,-4281.61012,4724.778503,-4893.202893,-4909.839124,4688.783292,-4723.136694,-4739.772925,4913.595612,-4869.761292,-4886.397522,4536.426813,-4498.167004,-4514.803235,3656.934195,-3792.28584,-3808.92207,3962.717145,-4130.903503,-4147.539734,4406.522699,-4512.855615,-4529.491846,4700.126886,-4562.394092,-4579.030322,4330.656046,-4351.363879,-4368.00011,4150.867282,-4043.069739,-4059.705969,4335.302191,-4259.275098,-4275.911328,4582.899957,-4358.078796,-4374.715027,4055.346884,-4007.485083,-4024.121313,5113.473846,-4955.657007,-4972.293237
10,10,47:10.3,0.0001,4470.22201,-4478.198784,-4494.835001,0.869760033,2.064910027,4614.900171,-4527.424316,-4544.060547,4739.340372,-4728.376611,-4745.012842,4537.587802,-4743.620325,-4760.256555,4341.313043,-4340.869849,-4357.506079,4791.344205,-4984.021484,-5000.657715,4271.069739,-4267.209326,-4283.845557,4722.757059,-4890.531641,-4907.167871,4685.362057,-4724.526123,-4741.162354,4910.95271,-4870.541125,-4887.177356,4532.086624,-4501.028223,-4517.664453,3655.119495,-3793.543481,-3810.179712,3960.66037,-4130.907764,-4147.543994,4402.120224,-4513.005359,-4529.641589,4700.871875,-4560.705164,-4577.341394,4327.373907,-4355.349072,-4371.985303,4147.746292,-4047.834131,-4064.470361,4330.940051,-4259.090747,-4275.726978,4577.606961,-4356.035876,-4372.672107,4050.228879,-4007.218713,-4023.854944,5105.058109,-4962.136304,-4978.772534
11,11,00:17.9,0.0001,4467.381779,-4476.718953,-4493.355206,0.869785372,2.066891401,4611.105588,-4524.472498,-4541.108728,4735.372202,-4727.44668,-4744.08291,4538.238699,-4741.597168,-4758.233398,4336.900662,-4341.812842,-4358.449072,4787.510672,-4983.712231,-5000.348462,4268.226352,-4266.139783,-4282.776013,4721.53566,-4894.087817,-4910.724048,4682.032178,-4722.481299,-4739.117529,4910.203561,-4866.188452,-4882.824683,4529.302524,-4499.346411,-4515.982642,3648.384012,-3790.934973,-3807.571204,3958.506879,-4132.205029,-4148.84126,4400.044193,-4508.73606,-4525.37229,4693.843961,-4561.282996,-4577.919226,4325.1017,-4352.556897,-4369.193127,4144.654623,-4046.107202,-4062.743433,4327.54407,-4258.889551,-4275.525781,4576.372015,-4356.998877,-4373.635107,4051.056552,-4004.154236,-4020.790466,5101.69953,-4955.228198,-4971.864429
12,12,13:24.2,0.0001,4464.686739,-4475.64811,-4492.284347,0.869550503,2.070976154,4608.753735,-4524.614075,-4541.250305,4730.191565,-4727.045557,-4743.681787,4533.950778,-4739.531519,-4756.167749,4336.089651,-4336.308789,-4352.94502,4783.300409,-4984.679272,-5001.315503,4266.312167,-4263.527966,-4280.164197,4717.936081,-4890.570972,-4907.207202,4679.383188,-4723.188159,-4739.82439,4907.392838,-4866.331567,-4882.967798,4528.554688,-4501.899377,-4518.535608,3646.970029,-3787.814136,-3804.450366,3956.310901,-4131.529492,-4148.165723,4395.302426,-4512.792676,-4529.428906,4693.441544,-4558.412781,-4575.049011,4319.995456,-4349.169067,-4365.805298,4143.483441,-4044.134351,-4060.770581,4325.461002,-4257.532422,-4274.168652,4575.355252,-4354.752454,-4371.388684,4048.004953,-4003.623914,-4020.260144,5097.544766,-4955.503809,-4972.140039
13,13,26:30.6,0.0001,4461.968168,-4476.030902,-4492.667169,0.86914277,2.069350092,4604.226816,-4526.933691,-4543.569922,4726.938208,-4727.571326,-4744.207556,4532.933044,-4741.028247,-4757.664478,4330.029855,-4340.172375,-4356.808606,4781.807184,-4987.643799,-5004.280029,4264.701791,-4265.360681,-4281.996912,4714.7754,-4892.687109,-4909.32334,4676.916916,-4720.843872,-4737.480103,4905.515875,-4866.893237,-4883.529468,4524.56326,-4494.864514,-4511.500745,3643.440759,-3784.842822,-3801.479053,3954.096951,-4130.965051,-4147.601282,4390.440997,-4512.159949,-4528.796179,4693.658536,-4559.126208,-4575.762439,4318.894,-4348.840442,-4365.476672,4141.260437,-4043.823816,-4060.460046,4324.41601,-4261.138818,-4277.775049,4571.9742,-4352.006482,-4368.642712,4045.852307,-4004.550525,-4021.186755,5092.920828,-4959.165552,-4975.801782
14,14,39:37.2,0.0001,4459.375924,-4476.460563,-4493.096808,0.869090269,2.066910974,4600.168347,-4529.339172,-4545.975403,4721.583792,-4728.208679,-4744.84491,4533.795636,-4741.976172,-4758.612402,4329.464496,-4340.564526,-4357.200757,4777.028201,-4985.509326,-5002.145557,4263.658255,-4264.21488,-4280.851111,4713.518439,-4893.050244,-4909.686475,4673.075055,-4722.119678,-4738.755908,4903.295776,-4869.626904,-4886.263135,4525.932553,-4497.098303,-4513.734534,3640.994717,-3787.264941,-3803.901172,3952.416434,-4128.825903,-4145.462134,4389.44248,-4515.320447,-4531.956677,4689.448312,-4557.571265,-4574.207495,4315.741977,-4350.048511,-4366.684741,4138.729932,-4047.728442,-4064.364673,4320.173303,-4256.806116,-4273.442346,4567.248428,-4354.991736,-4371.627966,4045.327509,-4003.421191,-4020.057422,5086.474854,-4955.524951,-4972.161182
15,15,52:42.8,0.0001,4457.165235,-4476.127866,-4492.764088,0.869053131,2.065388583,4596.715836,-4529.955286,-4546.591516,4719.483105,-4726.123206,-4742.759436,4529.816629,-4743.10437,-4759.740601,4328.009012,-4339.265381,-4355.901611,4775.484021,-4986.908789,-5003.54502,4262.972256,-4263.171484,-4279.807715,4710.284436,-4895.222583,-4911.858813,4671.676831,-4721.414331,-4738.050562,4902.377499,-4868.063831,-4884.700061,4521.544977,-4502.018445,-4518.654675,3638.560919,-3786.223352,-3802.859583,3949.747263,-4127.271057,-4143.907288,4385.296667,-4511.446838,-4528.083069,4689.205771,-4559.515015,-4576.151245,4315.727301,-4348.807739,-4365.44397,4137.2703,-4044.382068,-4061.018298,4317.975485,-4256.938904,-4273.575134,4566.174289,-4353.358667,-4369.994897,4043.03963,-4000.440588,-4017.076819,5081.942462,-4958.925269,-4975.561499
16,16,05:48.6,0.0001,4454.306417,-4476.779023,-4493.415245,0.868676706,2.063372671,4592.481171,-4531.438062,-4548.074292,4714.647681,-4726.32832,-4742.964551,4527.004279,-4744.966089,-4761.602319,4326.308673,-4340.497754,-4357.133984,4772.156418,-4986.019482,-5002.655713,4260.271182,-4263.576721,-4280.212952,4710.159177,-4895.800781,-4912.437012,4667.436938,-4721.479639,-4738.115869,4899.107999,-4869.934985,-4886.571216,4521.400583,-4500.598132,-4517.234363,3637.144687,-3784.013928,-3800.650159,3946.637366,-4128.791199,-4145.427429,4380.608963,-4511.622144,-4528.258374,4683.859384,-4560.198499,-4576.834729,4310.41124,-4349.047644,-4365.683875,4138.864484,-4046.8396,-4063.47583,4316.13996,-4256.829822,-4273.466052,4565.318933,-4355.195044,-4371.831274,4040.877731,-4004.260815,-4020.897046,5075.291656,-4958.141748,-4974.777979
17,17,18:54.7,0.0001,4452.312492,-4477.915895,-4494.552113,0.868256698,2.058275939,4591.14353,-4530.994861,-4547.631091,4710.804358,-4729.279822,-4745.916052,4526.473093,-4746.158716,-4762.794946,4322.260446,-4340.550964,-4357.187195,4772.349503,-4986.547729,-5003.18396,4259.460944,-4264.479187,-4281.115417,4706.956332,-4897.218103,-4913.854333,4667.919351,-4719.887573,-4736.523804,4897.174313,-4870.841589,-4887.47782,4519.866406,-4500.617603,-4517.253833,3633.684619,-3784.825562,-3801.461792,3945.76774,-4133.70603,-4150.342261,4379.754962,-4517.933813,-4534.570044,4684.393665,-4561.743286,-4578.379517,4309.378891,-4350.950305,-4367.586536,4134.4,-4047.885071,-4064.521301,4314.491516,-4260.088794,-4276.725024,4560.355893,-4354.940271,-4371.576501,4039.51734,-4001.091467,-4017.727698,5070.096906,-4958.576978,-4975.213208
18,18,32:02.0,0.0001,4449.942377,-4477.320746,-4493.956952,0.867955399,2.053466761,4588.051837,-4529.063074,-4545.699304,4706.809769,-4729.457507,-4746.093738,4524.162274,-4741.280615,-4757.916846,4320.514185,-4339.259509,-4355.89574,4767.521442,-4984.192505,-5000.828735,4256.588959,-4262.612097,-4279.248328,4705.325311,-4895.727417,-4912.363647,4664.93446,-4721.536914,-4738.173145,4897.502026,-4869.104773,-4885.741003,4517.383276,-4506.508533,-4523.144763,3631.253577,-3784.089722,-3800.725952,3943.225134,-4129.215051,-4145.851282,4375.67229,-4519.065271,-4535.701501,4682.251373,-4557.770154,-4574.406384,4305.89043,-4350.569348,-4367.205579,4134.729495,-4042.043506,-4058.679736,4311.544827,-4257.798535,-4274.434766,4557.981964,-4355.237744,-4371.873975,4040.247281,-4015.038049,-4031.67428,5067.257629,-4956.844458,-4973.480688
19,19,45:07.9,0.0001,4447.879196,-4476.310233,-4492.946475,0.867993298,2.054458296,4582.883636,-4527.390405,-4544.026636,4702.371426,-4729.931372,-4746.567603,4523.597516,-4742.794971,-4759.431201,4320.665295,-4338.762537,-4355.398767,4764.949457,-4986.879883,-5003.516113,4256.471127,-4263.202393,-4279.838623,4704.068631,-4896.048877,-4912.685107,4663.160373,-4720.373584,-4737.009814,4893.279822,-4870.256641,-4886.892871,4517.578247,-4502.467908,-4519.104138,3627.718674,-3780.656628,-3797.292859,3941.741077,-4132.005896,-4148.642126,4373.318893,-4516.760974,-4533.397205,4680.9409,-4557.80946,-4574.445691,4302.601331,-4349.861865,-4366.498096,4132.188861,-4041.109705,-4057.745935,4309.939725,-4256.538123,-4273.174353,4556.057898,-4354.824878,-4371.461108,4038.466904,-4000.954968,-4017.591199,5065.584073,-4957.573755,-4974.209985
20,20,58:14.5,0.0001,4445.671894,-4477.535552,-4494.171783,0.867307861,2.049315768,4583.47652,-4529.209045,-4545.845276,4701.624606,-4732.823621,-4749.459851,4519.527179,-4746.210596,-4762.846826,4317.957095,-4339.224329,-4355.860559,4763.366174,-4987.036499,-5003.672729,4254.07326,-4260.470471,-4277.106702,4699.75448,-4896.654443,-4913.290674,4658.593372,-4719.962695,-4736.598926,4893.900818,-4867.583643,-4884.219873,4515.981668,-4503.970483,-4520.606714,3626.815155,-3780.541406,-3797.177637,3938.742337,-4129.538562,-4146.174792,4370.915509,-4514.645862,-4531.282092,4681.463452,-4559.20083,-4575.837061,4302.516104,-4351.485205,-4368.121436,4128.230081,-4047.19408,-4063.83031,4308.824338,-4256.693188,-4273.329419,4552.202979,-4358.729639,-4375.365869,4035.532489,-4010.65448,-4027.29071,5059.940286,-4958.882007,-4975.518237
21,21,11:21.1,0.0001,4443.995245,-4478.301392,-4494.937629,0.866932886,2.045571904,4579.555185,-4530.114026,-4546.750256,4697.844403,-4729.529749,-4746.165979,4520.70228,-4746.799194,-4763.435425,4316.590091,-4341.67478,-4358.311011,4759.447559,-4985.208154,-5001.844385,4251.488474,-4260.545129,-4277.18136,4702.156293,-4895.299817,-4911.936047,4658.240576,-4722.668652,-4739.304883,4888.641,-4873.035107,-4889.671338,4513.660526,-4504.875024,-4521.511255,3624.374402,-3785.080408,-3801.716638,3938.066693,-4133.656165,-4150.292395,4369.457025,-4518.47052,-4535.10675,4678.670181,-4559.223633,-4575.859863,4300.194498,-4348.542542,-4365.178772,4128.316812,-4044.567114,-4061.203345,4309.054611,-4258.403125,-4275.039355,4551.74624,-4353.572839,-4370.20907,4035.723618,-4011.879895,-4028.516125,5055.974277,-4962.881982,-4979.518213
22,22,24:26.9,0.0001,4441.766904,-4477.589781,-4494.226017,0.866524577,2.040633373,4575.423303,-4526.326489,-4542.96272,4695.314139,-4736.293323,-4752.929553,4520.258246,-4744.461096,-4761.097327,4312.536499,-4338.211414,-4354.847644,4757.399924,-4988.91001,-5005.54624,4249.24212,-4259.359167,-4275.995398,4700.764835,-4897.270093,-4913.906323,4656.640073,-4718.266016,-4734.902246,4884.624139,-4868.105908,-4884.742139,4514.693045,-4505.737878,-4522.374109,3624.151944,-3784.634656,-3801.270886,3936.22406,-4129.692004,-4146.328235,4365.669308,-4518.149597,-4534.785828,4677.841998,-4558.679504,-4575.315735,4298.369965,-4350.507776,-4367.144006,4129.398987,-4045.274878,-4061.911108,4304.059528,-4255.301147,-4271.937378,4546.779999,-4352.669507,-4369.305737,4032.323846,-4011.048877,-4027.685107,5053.622192,-4962.896338,-4979.532568
23,23,37:32.6,0.0001,4439.262214,-4477.806984,-4494.443214,0.866382108,2.036176745,4576.631091,-4528.006372,-4544.642603,4689.791302,-4730.971143,-4747.607373,4517.224545,-4747.063245,-4763.699475,4313.494476,-4337.449377,-4354.085608,4753.413629,-4984.494116,-5001.130347,4246.693817,-4262.365869,-4279.0021,4697.69101,-4893.578784,-4910.215015,4652.933752,-4721.058838,-4737.695068,4883.37019,-4871.237451,-4887.873682,4511.85412,-4505.619836,-4522.256067,3622.131116,-3783.948779,-3800.58501,3933.716324,-4130.681909,-4147.31814,4363.856503,-4518.164282,-4534.800513,4674.946616,-4562.011536,-4578.647766,4295.250009,-4351.853601,-4368.489832,4123.840036,-4047.055933,-4063.692163,4304.593631,-4257.035901,-4273.672131,4546.207327,-4355.064709,-4371.70094,4030.496582,-4010.105249,-4026.741479,5047.108145,-4958.372656,-4975.008887
24,24,50:38.6,0.0001,4437.572355,-4477.457526,-4494.093784,0.866490416,2.034431222,4574.486792,-4530.572241,-4547.208472,4690.208148,-4738.626489,-4755.26272,4513.967627,-4749.111951,-4765.748181,4311.717996,-4341.903064,-4358.539294,4750.796454,-4981.794995,-4998.431226,4245.345346,-4262.288464,-4278.924695,4696.310428,-4897.185229,-4913.82146,4651.243155,-4720.807129,-4737.443359,4882.784006,-4868.292896,-4884.929126,4509.964838,-4501.916833,-4518.553064,3619.456094,-3779.789136,-3796.425366,3933.565866,-4128.327246,-4144.963477,4361.142377,-4511.690234,-4528.326465,4675.007626,-4560.529089,-4577.16532,4289.906876,-4351.76554,-4368.40177,4124.431531,-4044.52738,-4061.163611,4302.293146,-4256.470142,-4273.106372,4545.364124,-4355.388635,-4372.024866,4029.81936,-4005.521765,-4022.157996,5043.635406,-4962.642358,-4979.278589
25,25,03:45.3,1.00E-05,4436.400694,-4478.093105,-4494.729346,0.866046962,2.028698376,4572.989572,-4530.316577,-4546.952808,4687.898251,-4739.087061,-4755.723291,4512.781067,-4746.112915,-4762.749146,4309.960248,-4339.632983,-4356.269214,4751.564688,-4977.210181,-4993.846411,4245.536835,-4262.636157,-4279.272388,4696.112976,-4896.474036,-4913.110266,4645.7995,-4719.426416,-4736.062646,4881.413504,-4871.082666,-4887.718896,4510.215228,-4507.82854,-4524.464771,3619.987793,-3780.654333,-3797.290564,3932.309598,-4130.177991,-4146.814221,4356.801434,-4512.535022,-4529.171252,4673.867035,-4563.090771,-4579.727002,4290.480771,-4348.965845,-4365.602075,4124.23465,-4040.304883,-4056.941113,4300.67428,-4257.818323,-4274.454553,4542.011417,-4355.130591,-4371.766821,4029.57334,-4014.732605,-4031.368835,5043.801611,-4968.644312,-4985.280542
26,26,16:54.8,1.00E-05,4432.121136,-4477.921779,-4494.557992,0.865924424,2.028823076,4567.389575,-4532.349792,-4548.986023,4681.436819,-4736.567773,-4753.204004,4509.579178,-4746.717395,-4763.353625,4307.156021,-4342.45105,-4359.08728,4742.577493,-4979.506299,-4996.142529,4241.455106,-4261.991455,-4278.627686,4690.091415,-4898.988171,-4915.624402,4643.346902,-4721.297876,-4737.934106,4875.558099,-4875.158875,-4891.795105,4508.176154,-4502.802368,-4519.438599,3616.91965,-3782.161768,-3798.797998,3928.791345,-4132.922095,-4149.558325,4354.352286,-4513.35155,-4529.987781,4670.760944,-4559.57594,-4576.21217,4288.427328,-4348.90144,-4365.537671,4119.998804,-4036.864136,-4053.500366,4295.140668,-4258.855811,-4275.492041,4539.159003,-4355.135962,-4371.772192,4025.498163,-4008.345264,-4024.981494,5036.607718,-4964.490308,-4981.126538
27,27,30:01.3,1.00E-05,4430.629925,-4478.417695,-4495.053971,0.865868441,2.021937311,4563.60961,-4529.663635,-4546.299866,4680.194601,-4735.133789,-4751.77002,4508.413687,-4748.223352,-4764.859583,4306.012473,-4339.244202,-4355.880432,4740.497266,-4981.333423,-4997.969653,4241.324188,-4261.797949,-4278.43418,4687.576682,-4896.725208,-4913.361438,4641.391043,-4719.824683,-4736.460913,4874.281891,-4871.661841,-4888.298071,4507.403326,-4508.646765,-4525.282996,3615.017792,-3782.581775,-3799.218005,3927.826105,-4134.776355,-4151.412585,4355.194302,-4517.148193,-4533.784424,4667.508771,-4560.616687,-4577.252917,4286.469901,-4349.471997,-4366.108228,4121.223215,-4039.681104,-4056.317334,4291.150772,-4259.910754,-4276.546985,4539.549817,-4355.820056,-4372.456287,4023.866229,-4012.455554,-4029.091785,5034.086676,-4963.636938,-4980.273169
28,28,43:15.4,1.00E-05,4430.441966,-4477.48568,-4494.121904,0.865904732,2.02999045,4566.282971,-4529.956946,-4546.593176,4678.228799,-4735.721448,-4752.357678,4509.431982,-4747.120435,-4763.756665,4304.760294,-4339.563306,-4356.199536,4738.943024,-4983.669336,-5000.305566,4241.92868,-4261.48584,-4278.12207,4689.172394,-4896.530249,-4913.166479,4642.664578,-4720.417261,-4737.053491,4875.280264,-4872.916772,-4889.553003,4505.206671,-4500.923901,-4517.560132,3616.205038,-3783.139172,-3799.775403,3926.816486,-4131.50697,-4148.143201,4352.546613,-4516.272668,-4532.908899,4669.95282,-4560.228455,-4576.864685,4286.120602,-4348.177405,-4364.813635,4118.024789,-4039.043994,-4055.680225,4291.904382,-4260.000488,-4276.636719,4538.736703,-4354.383801,-4371.020032,4022.662253,-4010.040369,-4026.676599,5033.970001,-4958.614673,-4975.250903
29,29,56:21.3,1.00E-05,4429.848219,-4478.93776,-4495.574,0.865715593,2.022084479,4565.462271,-4530.445984,-4547.082214,4678.650098,-4733.606091,-4750.242322,4508.29501,-4747.863403,-4764.499634,4301.660706,-4339.793884,-4356.430115,4738.941772,-4982.808154,-4999.444385,4239.383163,-4261.200476,-4277.836707,4686.806821,-4898.178418,-4914.814648,4642.669458,-4720.992529,-4737.62876,4874.446753,-4870.834131,-4887.470361,4506.764676,-4511.90033,-4528.53656,3615.184583,-3781.851514,-3798.487744,3926.911441,-4133.086853,-4149.723083,4353.453763,-4518.676392,-4535.312622,4669.034177,-4562.020178,-4578.656409,4284.519641,-4349.910413,-4366.546643,4119.016867,-4039.198413,-4055.834644,4292.146497,-4259.747363,-4276.383594,4538.146542,-4354.689429,-4371.325659,4023.066956,-4019.330676,-4035.966907,5032.403314,-4962.62063,-4979.25686
30,30,09:27.0,1.00E-05,4429.806864,-4478.338647,-4494.974891,0.86567677,2.023574046,4563.073849,-4524.53374,-4541.169971,4680.897812,-4734.552844,-4751.189075,4506.640289,-4748.653259,-4765.28949,4303.445126,-4340.442957,-4357.079187,4738.042099,-4979.050488,-4995.686719,4241.345663,-4262.478113,-4279.114343,4686.836426,-4898.108545,-4914.744775,4642.580966,-4721.049146,-4737.685376,4873.123291,-4870.746509,-4887.382739,4505.966541,-4511.503723,-4528.139954,3615.785889,-3781.352625,-3797.988855,3927.889389,-4132.27572,-4148.911951,4351.799384,-4515.817505,-4532.453735,4668.144827,-4560.403625,-4577.039856,4284.791949,-4349.348096,-4365.984326,4120.83056,-4040.853003,-4057.489233,4293.425916,-4256.993921,-4273.630151,4536.490292,-4356.004822,-4372.641052,4022.918884,-4015.8703,-4032.506531,5032.108252,-4966.734058,-4983.370288
31,31,22:32.6,1.00E-06,4428.977779,-4478.477834,-4495.114066,0.865698343,2.022985699,4562.795801,-4531.494849,-4548.131079,4680.252643,-4735.70647,-4752.3427,4507.105283,-4748.309998,-4764.946228,4301.537769,-4340.67948,-4357.31571,4736.585211,-4982.17688,-4998.81311,4239.559845,-4262.350842,-4278.987073,4686.403525,-4899.322266,-4915.958496,4641.221857,-4720.395898,-4737.032129,4873.320255,-4872.539783,-4889.176013,4504.44006,-4506.4521,-4523.08833,3614.63038,-3781.001917,-3797.638147,3926.240881,-4132.09137,-4148.7276,4352.012909,-4518.340295,-4534.976526,4667.971503,-4560.023572,-4576.659802,4283.694308,-4348.989539,-4365.625769,4118.276932,-4040.954492,-4057.590723,4291.073724,-4257.686853,-4274.323083,4537.458765,-4355.342407,-4371.978638,4022.973419,-4011.422437,-4028.058667,5032.000439,-4964.275391,-4980.911621
32,32,35:38.5,1.00E-06,4428.865785,-4478.074133,-4494.710313,0.865860957,2.022719145,4563.863046,-4525.9255,-4542.561731,4677.06987,-4731.02832,-4747.664551,4505.106744,-4748.206055,-4764.842285,4301.464883,-4338.474036,-4355.110266,4736.722449,-4980.849902,-4997.486133,4239.995218,-4261.631335,-4278.267566,4686.670486,-4896.568896,-4913.205127,4640.322849,-4720.758423,-4737.394653,4872.171103,-4872.813916,-4889.450146,4503.947263,-4509.501526,-4526.137756,3615.990997,-3781.894531,-3798.530762,3925.971796,-4133.516504,-4150.152734,4352.500922,-4520.472375,-4537.108606,4667.041956,-4559.385547,-4576.021777,4285.324484,-4350.152014,-4366.788245,4118.711475,-4037.880408,-4054.516638,4292.269171,-4257.274438,-4273.910669,4536.12533,-4354.710547,-4371.346777,4023.178122,-4018.883105,-4035.519336,5032.867401,-4961.554736,-4978.190967
33,33,48:44.2,1.00E-06,4429.103071,-4477.944016,-4494.580259,0.865775146,2.027575336,4563.939481,-4530.526941,-4547.163171,4676.603796,-4734.575806,-4751.212036,4506.409885,-4748.28833,-4764.924561,4302.457156,-4340.96355,-4357.59978,4736.045856,-4981.214307,-4997.850537,4240.836679,-4262.225671,-4278.861902,4688.29559,-4896.380701,-4913.016931,4641.810574,-4720.532813,-4737.169043,4873.331018,-4873.17312,-4889.809351,4505.305118,-4505.991577,-4522.627808,3615.805786,-3781.101489,-3797.73772,3925.786865,-4131.744653,-4148.380884,4350.911096,-4517.327124,-4533.963354,4667.284189,-4560.825635,-4577.461865,4284.492212,-4350.062073,-4366.698303,4120.067282,-4037.952148,-4054.588379,4292.281955,-4258.25387,-4274.8901,4535.630255,-4355.464551,-4372.100781,4022.020203,-4008.870532,-4025.506763,5032.746353,-4963.405518,-4980.041748
34,34,01:56.3,1.00E-06,4428.43802,-4478.906548,-4495.542777,0.865682523,2.022858237,4562.185608,-4529.13313,-4545.76936,4676.865195,-4737.367053,-4754.003284,4507.110562,-4747.1297,-4763.76593,4302.454208,-4339.664795,-4356.301025,4736.726651,-4979.136255,-4995.772485,4239.204144,-4262.703369,-4279.3396,4686.375458,-4900.540466,-4917.176697,4639.687509,-4721.258813,-4737.895044,4872.715366,-4874.144702,-4890.780933,4502.879453,-4507.923535,-4524.559766,3614.028922,-3781.704211,-3798.340442,3928.172324,-4133.442029,-4150.078259,4351.821259,-4519.412866,-4536.049097,4667.500256,-4561.971521,-4578.607751,4284.462454,-4350.474255,-4367.110486,4118.521701,-4037.143054,-4053.779285,4290.383298,-4258.191711,-4274.827942,4535.723575,-4356.729065,-4373.365295,4021.632242,-4010.64082,-4027.277051,5030.310172,-4969.419629,-4986.055859
35,35,15:02.2,1.00E-06,4428.518805,-4479.317349,-4495.953552,0.865418875,2.022008854,4562.515359,-4531.86344,-4548.49967,4676.798486,-4736.556775,-4753.193005,4506.361929,-4749.422314,-4766.058545,4302.537076,-4341.762219,-4358.39845,4736.089828,-4986.943433,-5003.579663,4239.104852,-4262.28916,-4278.925391,4687.036707,-4900.988745,-4917.624976,4641.486328,-4720.485986,-4737.122217,4872.908524,-4874.656445,-4891.292676,4504.162128,-4508.211011,-4524.847241,3613.503625,-3781.459167,-3798.095398,3928.041718,-4129.684863,-4146.321094,4351.342459,-4521.517407,-4538.153638,4666.443896,-4562.130359,-4578.766589,4282.687473,-4350.7578,-4367.394031,4119.144022,-4038.773828,-4055.410059,4290.156348,-4259.207129,-4275.843359,4535.962482,-4356.489111,-4373.125342,4023.350894,-4011.454773,-4028.091003,5030.742047,-4961.692725,-4978.328955
36,36,28:07.9,1.00E-06,4428.760504,-4479.429517,-4496.065751,0.865301081,2.020386906,4562.731396,-4531.382312,-4548.018542,4677.18793,-4737.4151,-4754.051331,4505.291217,-4748.537,-4765.17323,4301.542001,-4343.594385,-4360.230615,4736.369537,-4988.871045,-5005.507275,4241.3577,-4262.369775,-4279.006006,4686.497333,-4901.228027,-4917.864258,4640.448782,-4721.065771,-4737.702002,4872.976065,-4874.264319,-4890.900549,4507.214676,-4503.915613,-4520.551843,3614.852203,-3783.332373,-3799.968604,3927.041461,-4131.627942,-4148.264172,4351.749734,-4518.800037,-4535.436267,4669.802295,-4560.868481,-4577.504712,4283.228287,-4351.881079,-4368.51731,4118.762576,-4041.662366,-4058.298596,4290.538925,-4260.139453,-4276.775684,4534.233319,-4356.778748,-4373.414978,4022.813321,-4008.587854,-4025.224084,5030.571368,-4962.268726,-4978.904956
37,37,41:13.8,1.00E-07,4428.479272,-4478.566188,-4495.202393,0.865591412,2.022213774,4561.950735,-4529.551794,-4546.188025,4675.733014,-4734.429688,-4751.065918,4505.308939,-4747.073474,-4763.709705,4302.565128,-4341.559302,-4358.195532,4737.073584,-4982.783862,-4999.420093,4240.232623,-4262.323926,-4278.960156,4687.895071,-4896.049597,-4912.685828,4639.005615,-4720.262036,-4736.898267,4874.757834,-4870.713623,-4887.349854,4504.7841,-4508.012646,-4524.648877,3614.996542,-3781.775232,-3798.411462,3925.844815,-4133.251611,-4149.887842,4350.873932,-4522.158984,-4538.795215,4666.975623,-4561.325293,-4577.961523,4282.776843,-4349.258057,-4365.894287,4118.694516,-4038.824915,-4055.461145,4290.619162,-4257.892627,-4274.528857,4536.01788,-4354.867859,-4371.504089,4022.530823,-4016.713367,-4033.349597,5030.948618,-4962.495654,-4979.131885
